学校,科类,专业,最低分
清华大学,理科,计算机类,419
清华大学,理科,理科试验班类（新雅书院）,417
清华大学,理科,理科试验班类（经济、金融与管理）,417
清华大学,理科,理科试验班类（化生）,416
清华大学,理科,临床医学（协和）,416
清华大学,理科,建筑类,415
清华大学,理科,工科试验班类（机械、航空与动力）,415
清华大学,理科,工科试验班类（能源）,415
清华大学,理科,电子信息类,414
清华大学,理科,工科试验班类（自动化与工业工程）,414
清华大学,理科,法学（含国际班）,414
清华大学,理科,工科试验班类（环境、化工与新材料）,413
清华大学,理科,理科试验班类（数理）,413
清华大学,文科,文科试验班类（经济、金融与管理）,419
北京大学,理科,工商管理类,423
北京大学,理科,数学类,418
北京大学,理科,经济学类,418
北京大学,理科,物理学类,416
北京大学,理科,电子信息类,415
北京大学,理科,理科试验班类,415
北京大学,文科,工商管理类,421
北京大学,文科,文科试验班类,414
北京大学,文科,法学,412
北京大学,文科,经济学类,411
北京大学,文科,中国语言文学类,409
北京大学,文科,新闻传播学类,409
北京大学,文科,国际政治,408
北京大学,文科,社会学,406
北京大学,文科,考古学,405
北京大学,文科,历史学类,405
北京大学,文科,公共管理类,405
中国人民大学,理科,金融学类,405
中国人民大学,理科,法学,402
中国人民大学,理科,经济学类,401
中国人民大学,理科,农业经济管理类,399
中国人民大学,理科,统计学类,399
中国人民大学,理科,人力资源管理,398
中国人民大学,理科,政治学、经济学与哲学（PPE实验班）,398
中国人民大学,理科,社会学类,396
中国人民大学,理科,工商管理类,396
中国人民大学,理科,理科试验班（信息与数学）,395
中国人民大学,理科,理科试验班（物理、化学与心理学）,394
中国人民大学,文科,金融学类,399
中国人民大学,文科,法学,395
中国人民大学,文科,信息资源管理,392
中国人民大学,文科,人力资源管理,392
中国人民大学,文科,经济学类,392
中国人民大学,文科,社会学类,392
中国人民大学,文科,新闻传播学类,392
中国人民大学,文科,工商管理类,392
中国人民大学,文科,人文科学试验班,392
中国人民大学,文科,政治学、经济学与哲学（PPE实验班）,392
北京交通大学,理科,电子信息类（通信与控制）,372
北京交通大学,理科,经济管理试验班,371
北京交通大学,理科,理科试验班类,371
北京交通大学,理科,机械类,371
北京交通大学,理科,法学,370
北京交通大学,理科,软件工程,370
北京交通大学,理科,计算机类,370
北京交通大学,理科,土木类,370
北京交通大学,理科,电气类,370
北京交通大学,理科,交通运输类,370
北京交通大学,理科,文科试验班类（语言与传播）,370
北京交通大学,文科,经济管理试验班,371
北京交通大学,文科,法学,367
北京交通大学,文科,文科试验班类（语言与传播）,366
北京理工大学,理科,电子信息类（实验班）,381
北京理工大学,理科,理科试验班（徐特立英才班）,380
北京理工大学,理科,理科试验班（数学菁英班）,380
北京理工大学,理科,自动化类,379
北京理工大学,理科,电子信息类,378
北京理工大学,理科,经济管理试验班,378
北京理工大学,理科,机械类,378
北京理工大学,理科,生物医学工程类,378
北京理工大学,理科,理科试验班（物理菁英班）,378
北京理工大学,理科,光电信息科学与工程,377
北京理工大学,理科,航空航天类,377
北京理工大学,理科,材料类,377
北京理工大学,理科,兵器类,377
北京理工大学,理科,理科试验班（化学化工菁英班）,377
北京理工大学,理科,计算机类（计算机科学与技术、物联网工程、软件工程）,377
北京理工大学,文科,社会科学试验班,370
北京理工大学,文科,外国语言文学类（英语、日语、西班牙语、德语）,369
北京科技大学,理科,理科试验班,369
北京科技大学,理科,应用物理学,368
北京科技大学,理科,工商管理类（一年后可分流至工商管理、会计学）,368
北京科技大学,理科,计算机类（一年后可分流至计算机科学与技术、信息安全、物联网工程）,368
北京科技大学,理科,材料科学与工程,367
北京科技大学,理科,冶金工程,367
北京科技大学,理科,生物技术,367
北京科技大学,理科,数学类（一年后可分流至数学与应用数学、信息与计算科学）,367
北京科技大学,理科,自动化类（一年后可分流至自动化等专业）,367
北京科技大学,理科,能源与动力工程,366
北京科技大学,理科,通信工程,366
北京科技大学,理科,土木工程,366
北京科技大学,理科,环境工程,366
北京科技大学,理科,应用化学,366
北京科技大学,理科,安全工程,366
北京科技大学,理科,建筑环境与能源应用工程,366
北京科技大学,理科,工科试验班类（卓越计划）,366
北京科技大学,理科,管理科学与工程类（一年后可分流至信息管理与信息系统、工程管理）,366
北京科技大学,理科,矿业类（一年后可分流至采矿工程、矿物加工工程）,366
北京科技大学,理科,机械类（一年后可分流至机械工程、车辆工程、工业设计等专业）,366
北京科技大学,文科,德语,366
北京科技大学,文科,工商管理类（一年后可分流至工商管理、会计学）,363
北京科技大学,文科,经济与贸易类,362
北京科技大学,文科,英语,358
北京科技大学,文科,人文科学试验班,358
北京科技大学,文科,日语,357
北京化工大学,理科,工科试验班（化学工程与工艺英才班）,365
北京化工大学,理科,工科试验班（生物工程高精尖班）,361
北京化工大学,理科,工科试验班（高分子材料与工程精英班）,361
北京化工大学,理科,化学工程与工艺,356
北京化工大学,理科,应用化学,355
北京化工大学,理科,高分子材料与工程,355
北京化工大学,理科,计算机科学与技术,355
北京化工大学,理科,自动化,354
北京化工大学,理科,电子科学与技术,354
北京化工大学,理科,能源化学工程,354
北京化工大学,理科,理科试验班（化学优培计划）,354
北京化工大学,理科,信息管理与信息系统（大数据管理）,354
北京化工大学,理科,环境工程,353
北京化工大学,理科,制药工程,353
北京化工大学,理科,化学,353
北京化工大学,理科,材料科学与工程,352
北京化工大学,理科,测控技术与仪器,352
北京化工大学,理科,功能材料,352
北京化工大学,理科,生物工程类（含生物工程等3个专业）,352
北京化工大学,理科,数学类（含数学与应用数学、信息与计算科学等3个专业）,352
北京化工大学,理科,电子信息类（电子信息工程、通信工程）,352
北京化工大学,理科,机械类（含过程装备与控制工程、机械设计制造及其自动化等3个专业）,352
北京化工大学,文科,国际经济与贸易,351
北京化工大学,文科,法学,350
北京化工大学,文科,英语,350
北京邮电大学,理科,电子信息类（电子工程）,376
北京邮电大学,理科,科技与创意设计试验班,375
北京邮电大学,理科,管理科学与工程类（工程管理、信息管理与信息系统）,375
北京邮电大学,理科,机械工程,374
北京邮电大学,理科,自动化,374
北京邮电大学,理科,邮政工程,374
北京邮电大学,理科,电磁场与无线技术,374
北京邮电大学,理科,计算机类（计算机科学与技术、网络工程、智能科学与技术、数据科学与大数据技术）,374
北京邮电大学,理科,电子信息类（信息通信）,374
北京邮电大学,理科,软件工程（英语授课）,374
北京邮电大学,理科,工商管理类（含工商管理、会计学、市场营销等4个专业）,374
北京林业大学,理科,风景园林,370
北京林业大学,理科,园林,362
北京林业大学,理科,城乡规划,362
北京林业大学,理科,地理信息科学,361
北京林业大学,理科,商务英语,360
北京林业大学,理科,金融学,360
北京林业大学,理科,环境工程,359
北京林业大学,理科,国际经济与贸易,359
北京林业大学,理科,会计学,358
北京林业大学,理科,统计学,358
北京林业大学,理科,自然地理与资源环境,357
北京林业大学,理科,电子信息科学与技术,357
北京林业大学,理科,环境科学,357
北京林业大学,理科,计算机类,357
北京林业大学,理科,园艺（观赏园艺）,357
北京林业大学,理科,土木工程,356
北京林业大学,理科,食品科学与工程,356
北京林业大学,理科,管理科学与工程类,356
北京林业大学,理科,应用心理学,356
北京林业大学,理科,自动化,356
北京林业大学,理科,林学类,356
北京林业大学,理科,信息管理与信息系统,356
北京林业大学,理科,野生动物与自然保护区管理,355
北京林业大学,理科,生物科学类,355
北京林业大学,理科,工商管理类,355
北京林业大学,理科,车辆工程,355
北京林业大学,理科,机械设计制造及其自动化,355
北京林业大学,理科,电气工程及其自动化,355
北京林业大学,理科,旅游管理,355
北京林业大学,理科,水土保持与荒漠化防治,355
北京林业大学,理科,数学与应用数学,354
北京林业大学,理科,林业工程类,354
北京林业大学,文科,会计学,362
北京林业大学,文科,农林经济管理,360
北京林业大学,文科,商务英语,357
北京林业大学,文科,工商管理类,357
北京林业大学,文科,应用心理学,356
北京林业大学,文科,法学,356
北京林业大学,文科,日语,356
中国传媒大学,理科,网络与新媒体（新媒体网络经营）,378
中国传媒大学,理科,广播电视工程,377
中国传媒大学,理科,传播学（媒体市场调查与分析）,377
中国传媒大学,理科,通信工程,376
中国传媒大学,理科,数字媒体技术,375
中国传媒大学,理科,数字媒体技术（游戏设计技术）,375
中国传媒大学,理科,电子信息工程,374
中国传媒大学,理科,网络工程,374
中国传媒大学,理科,软件工程（移动互联网）,374
中国传媒大学,理科,工商管理类（工商管理、会计学、市场营销）,374
中国传媒大学,文科,新闻学,377
中国传媒大学,文科,翻译,376
中国传媒大学,文科,网络与新媒体（媒体创意）,376
中国传媒大学,文科,文化产业管理（影视制片管理、文化经纪）,375
中国传媒大学,文科,社会学,374
北京师范大学,理科,数学与应用数学,385
北京师范大学,理科,心理学,383
北京师范大学,理科,物理学（基地班）,383
北京师范大学,理科,理科试验班（数学与应用数学、物理学、化学、生物科学）,383
北京师范大学,理科,英语,382
北京师范大学,理科,资源环境科学,381
北京师范大学,理科,化学,381
北京师范大学,理科,生物科学类（生物科学、生物技术）,381
北京师范大学,理科,环境科学（环境科学、环境工程）,381
北京师范大学,文科,汉语言文学,381
北京师范大学,文科,会计学,380
北京师范大学,文科,传播学,380
北京师范大学,文科,教育学（试点学院）,379
北京师范大学,文科,工商管理（商务管理实验班）,379
南京师范大学,理科,英语（师范）,373
南京师范大学,理科,数学与应用数学（师范）,371
南京师范大学,理科,汉语言,368
南京师范大学,理科,物理学（师范）,368
南京师范大学,理科,翻译,367
南京师范大学,理科,化学（师范）,366
南京师范大学,理科,地理信息科学,366
南京师范大学,理科,数学类（含数学与应用数学（基地班）、信息与计算数学）,366
南京师范大学,理科,金融学,365
南京师范大学,理科,法学,365
南京师范大学,理科,经济学,364
南京师范大学,理科,英语,364
南京师范大学,理科,生物科学（师范）,364
南京师范大学,理科,外国语言文学类（含英语、俄语、德语、法语、日语、意大利语）,364
南京师范大学,理科,计算机科学与技术,363
南京师范大学,理科,国际经济与贸易,363
南京师范大学,理科,会计学,363
南京师范大学,理科,地理科学（师范）,363
南京师范大学,理科,金融数学,363
南京师范大学,理科,软件工程（嵌入式培养）,363
南京师范大学,理科,物理学,362
南京师范大学,理科,电气工程及其自动化,362
南京师范大学,理科,汉语国际教育,362
南京师范大学,理科,应用心理学,362
南京师范大学,理科,新闻传播学类（含新闻学、广播电视学、广告学、网络与新媒体）,362
南京师范大学,理科,食品科学与工程,361
南京师范大学,理科,统计学,361
南京师范大学,理科,旅游管理,361
南京师范大学,理科,哲学,361
南京师范大学,理科,财务管理,361
南京师范大学,理科,计算机科学与技术（师范）,361
南京师范大学,理科,教育技术学（师范）,361
南京师范大学,理科,电子信息类（含电子信息工程、通信工程、光电信息科学与工程）,361
南京师范大学,理科,社会学类（含社会学、社会工作）,361
南京师范大学,理科,工商管理类（含市场营销、人力资源管理、工商管理）,361
南京师范大学,理科,行政管理,360
南京师范大学,理科,信息管理与信息系统,360
南京师范大学,理科,测绘工程,360
南京师范大学,理科,生物工程,360
南京师范大学,理科,海洋资源开发技术,360
南京师范大学,理科,自动化,360
南京师范大学,理科,劳动与社会保障,360
南京师范大学,理科,建筑环境与能源应用工程,360
南京师范大学,理科,化学类（含化学、应用化学）,360
南京师范大学,理科,能源动力类（含能源与动力工程、能源与环境系统工程）,360
南京师范大学,理科,生物科学类（含生物科学（基地班）、生物技术）,360
南京师范大学,理科,人文地理与城乡规划,360
南京师范大学,理科,环境科学与工程类（含环境科学、环境工程）,360
南京师范大学,理科,自然地理与资源环境,360
南京师范大学,理科,英语（单列专业）,348
南京师范大学,理科,电气类（电气工程及其自动化）（中外合作办学）,342
南京师范大学,文科,英语（师范）,371
南京师范大学,文科,汉语言文学（师范）,369
南京师范大学,文科,会计学,368
南京师范大学,文科,金融学,367
南京师范大学,文科,财务管理,367
南京师范大学,文科,法学,366
南京师范大学,文科,应用心理学,366
南京师范大学,文科,教育学（师范）,366
南京师范大学,文科,翻译,366
南京师范大学,文科,经济学,365
南京师范大学,文科,人文地理与城乡规划,365
南京师范大学,文科,国际经济与贸易,364
南京师范大学,文科,地理科学（师范）,364
南京师范大学,文科,历史学（师范）,364
南京师范大学,文科,小学教育（师范）,364
南京师范大学,文科,外国语言文学类（含英语、俄语、德语、法语、日语、意大利语）,364
南京师范大学,文科,中国语言文学类（含汉语言文学（基地班）、秘书学、古典文献学）,364
南京师范大学,文科,旅游管理,363
南京师范大学,文科,劳动与社会保障,363
南京师范大学,文科,英语,363
南京师范大学,文科,汉语言,363
南京师范大学,文科,新闻传播学类（含新闻学、广播电视学、广告学、网络与新媒体）,363
南京师范大学,文科,行政管理,362
南京师范大学,文科,历史学,362
南京师范大学,文科,哲学,362
南京师范大学,文科,思想政治教育,362
南京师范大学,文科,汉语国际教育,362
南京师范大学,文科,文物与博物馆学,362
南京师范大学,文科,思想政治教育（师范）,362
南京师范大学,文科,学前教育（师范）,362
南京师范大学,文科,社会学类（含社会学、社会工作）,362
南京师范大学,文科,工商管理类（含市场营销、人力资源管理、工商管理）,362
南京师范大学,文科,英语（单列专业）,350
北京外国语大学,理科,德语,398
北京外国语大学,理科,西班牙语,387
北京外国语大学,理科,法语,384
北京外国语大学,理科,金融学,382
北京外国语大学,理科,英语,381
北京外国语大学,理科,经济与贸易类（国际经济与贸易）（中外合作办学）,381
北京外国语大学,理科,新闻学,379
北京外国语大学,理科,工商管理类,377
北京外国语大学,文科,西班牙语,386
北京外国语大学,文科,英语,385
北京外国语大学,文科,法语,382
北京外国语大学,文科,法语（国际关系）,380
北京外国语大学,文科,新闻学,378
北京外国语大学,文科,德语,378
北京外国语大学,文科,法学,377
北京外国语大学,文科,工商管理类,377
北京外国语大学,文科,日语,377
中国地质大学（北京）,理科,会计学,359
中国地质大学（北京）,理科,计算机科学与技术,359
中国地质大学（北京）,理科,地质工程,356
中国地质大学（北京）,理科,土木工程,356
中国地质大学（北京）,理科,安全工程,356
中国地质大学（北京）,理科,数学与应用数学,356
中国地质大学（北京）,理科,软件工程,355
中国地质大学（北京）,理科,机械设计制造及其自动化,354
中国地质大学（北京）,理科,材料科学与工程,354
中国地质大学（北京）,理科,土地资源管理,354
中国地质大学（北京）,理科,宝石及材料工艺学,353
中国地质大学（北京）,理科,资源勘查工程（固体矿产）,353
中国地质大学（北京）,理科,地理信息科学,352
中国地质大学（北京）,理科,资源勘查工程（新能源地质与工程）,352
中国地质大学（北京）,理科,工商管理,352
中国地质大学（北京）,理科,经济学,352
中国地质大学（北京）,理科,英语,352
中国地质大学（北京）,理科,电子信息工程,352
中国地质大学（北京）,理科,电气工程及其自动化,352
中国地质大学（北京）,理科,地球物理学,352
中国地质大学（北京）,理科,勘查技术与工程,352
中国地质大学（北京）,理科,海洋科学,352
中国地质大学（北京）,理科,土地整治工程,351
中国地质大学（北京）,理科,水文与水资源工程,351
中国地质大学（北京）,理科,地下水科学与工程,351
中国地质大学（北京）,理科,资源勘查工程（能源）,351
中国地质大学（北京）,理科,材料化学,351
中国地质大学（北京）,理科,测控技术与仪器,351
中国地质大学（北京）,理科,测绘工程,351
中国矿业大学（北京）,理科,电气工程及其自动化,356
中国矿业大学（北京）,理科,土木工程,354
中国矿业大学（北京）,理科,机械工程,353
中国矿业大学（北京）,理科,计算机科学与技术,353
中国矿业大学（北京）,理科,信息工程,353
中国矿业大学（北京）,理科,工商管理,352
中国矿业大学（北京）,理科,会计学,352
中国矿业大学（北京）,理科,测绘工程,352
中国矿业大学（北京）,理科,安全工程,352
中国矿业大学（北京）,理科,材料科学与工程,351
中国矿业大学（北京）,理科,建筑学,351
中国矿业大学（北京）,理科,数学类（数学与应用数学、信息与计算科学）,351
中国矿业大学（北京）,理科,环境科学与工程类（环境工程、环境科学）,351
中国矿业大学（北京）,理科,应用化学,350
中国矿业大学（北京）,理科,测控技术与仪器,350
中国矿业大学（北京）,理科,化学工程与工艺,350
中国矿业大学（北京）,理科,工程力学,350
中国矿业大学（北京）,理科,市场营销,350
中国矿业大学（北京）,理科,矿物加工工程,350
中国矿业大学（北京）,理科,地球物理学,350
中国矿业大学（北京）,理科,采矿工程,350
中国矿业大学（北京）,理科,工业工程,350
中国矿业大学（北京）,理科,地质类（资源勘查工程、地质工程）,350
中国矿业大学（北京）,文科,法学,356
中国矿业大学（北京）,文科,英语,352
中国矿业大学（北京）,文科,行政管理,351
浙江理工大学,理科,应用心理学,352
浙江理工大学,理科,服装设计与工程,350
浙江理工大学,理科,建筑学,349
浙江理工大学,理科,经济与贸易类,347
浙江理工大学,理科,数学类,347
浙江理工大学,理科,计算机类,347
浙江理工大学,理科,新闻传播学类,346
浙江理工大学,理科,公共管理类,346
浙江理工大学,理科,电子信息类,346
浙江理工大学,理科,轻化工程,345
浙江理工大学,理科,机械类,345
浙江理工大学,理科,电气类,345
浙江理工大学,理科,丝绸设计与工程,345
浙江理工大学,理科,外国语言文学类,344
浙江理工大学,理科,土木类,344
浙江理工大学,理科,纺织类,344
浙江理工大学,理科,化学类,344
浙江理工大学,文科,经济与贸易类,345
浙江理工大学,文科,工商管理类,343
浙江理工大学,文科,公共管理类,342
浙江理工大学,文科,外国语言文学类,341
浙江理工大学,文科,新闻传播学类,340
浙江理工大学,文科,法学类,340
华北电力大学,理科,电气类,373
华北电力大学,理科,土木类,371
华北电力大学,理科,自动化类,368
华北电力大学,理科,电子信息类,366
华北电力大学,理科,机械类,366
华北电力大学,理科,能源动力类（能源动力与机械工程学院）,366
华北电力大学,理科,环境科学与工程类,365
华北电力大学,理科,核工程类,365
华北电力大学,理科,能源动力类（可再生能源学院）,365
华北电力大学,理科,经济学类,364
华北电力大学,理科,数学类,364
华北电力大学,理科,材料类,364
华北电力大学,理科,计算机类,364
华北电力大学,理科,管理科学与工程类,364
华北电力大学,理科,水利类,364
华北电力大学,文科,法学类,355
华北电力大学,文科,工商管理类,355
华北电力大学,文科,公共管理类,352
华北电力大学,文科,外国语言文学类,351
华东政法大学,理科,法学类（卓越法律人才实验班）,379
华东政法大学,理科,会计学,379
华东政法大学,理科,新闻传播学类,379
华东政法大学,理科,法学类,379
华东政法大学,理科,公共管理类,378
华东政法大学,理科,知识产权,378
华东政法大学,理科,英语,378
华东政法大学,文科,法学类（卓越法律人才实验班）,377
华东政法大学,文科,工商管理,377
华东政法大学,文科,法学类,377
华东政法大学,文科,公共管理类,376
华东政法大学,文科,新闻传播学类,376
华东政法大学,文科,英语,376
华东政法大学,文科,德语,376
华东政法大学,文科,日语,375
华东政法大学,文科,翻译,375
燕山大学,理科,计算机科学与技术,347
燕山大学,理科,自动化,346
燕山大学,理科,机械设计制造及其自动化,345
燕山大学,理科,金属材料工程,344
燕山大学,理科,电气工程及其自动化,344
燕山大学,理科,经济学,343
燕山大学,理科,应用物理学,343
燕山大学,理科,材料成型及控制工程,343
燕山大学,理科,电子信息工程,343
燕山大学,理科,土木工程,343
燕山大学,理科,国际经济与贸易,342
燕山大学,理科,应用化学,342
燕山大学,理科,车辆工程,342
燕山大学,理科,工程力学,342
燕山大学,理科,过程装备与控制工程,342
燕山大学,理科,能源化学工程,342
燕山大学,理科,测控技术与仪器,341
燕山大学,理科,化学工程与工艺,341
燕山大学,理科,工业设计,341
燕山大学,文科,法学,343
燕山大学,文科,工商管理,338
首都师范大学,理科,英语,355
首都师范大学,理科,西班牙语,355
首都师范大学,理科,德语,354
首都师范大学,理科,法语,354
首都师范大学,理科,俄语,353
首都师范大学,文科,西班牙语,356
首都师范大学,文科,英语,355
首都师范大学,文科,德语,355
首都师范大学,文科,法语,354
上海外国语大学,理科,英语,389
上海外国语大学,理科,西班牙语,386
上海外国语大学,理科,金融学,386
上海外国语大学,理科,会计学,386
上海外国语大学,理科,国际经济与贸易（日语国贸）,385
上海外国语大学,理科,德语,384
上海外国语大学,理科,法语,384
上海外国语大学,理科,国际政治,383
上海外国语大学,理科,葡萄牙语,383
上海外国语大学,理科,国际经济与贸易,383
上海外国语大学,理科,工商管理,383
上海外国语大学,理科,网络与新媒体,383
上海外国语大学,理科,商务英语,382
上海外国语大学,理科,新闻学,382
上海外国语大学,理科,翻译,381
上海外国语大学,理科,汉语国际教育,380
上海外国语大学,理科,意大利语,380
上海外国语大学,理科,信息管理与信息系统,380
上海外国语大学,理科,日语,380
上海外国语大学,理科,法学,380
上海外国语大学,理科,广告学,379
上海外国语大学,理科,英语（教育）,379
上海外国语大学,理科,俄语,379
上海外国语大学,理科,公共关系学,379
上海外国语大学,理科,政治学与行政学,379
上海外国语大学,理科,教育技术学,379
上海外国语大学,理科,广播电视学,378
上海外国语大学,文科,英语,393
上海外国语大学,文科,德语,392
上海外国语大学,文科,金融学,384
上海外国语大学,文科,法语,384
上海外国语大学,文科,国际经济与贸易,383
上海外国语大学,文科,西班牙语,382
上海外国语大学,文科,翻译,381
上海外国语大学,文科,商务英语,381
上海外国语大学,文科,会计学,381
上海外国语大学,文科,日语,380
上海外国语大学,文科,国际政治,379
上海外国语大学,文科,汉语国际教育,379
上海外国语大学,文科,意大利语,379
上海外国语大学,文科,葡萄牙语,379
上海外国语大学,文科,工商管理,379
上海外国语大学,文科,网络与新媒体,379
上海外国语大学,文科,俄语,379
上海外国语大学,文科,新闻学,379
上海外国语大学,文科,教育技术学,379
上海外国语大学,文科,国际经济与贸易（日语国贸）,379
上海外国语大学,文科,信息管理与信息系统,378
上海外国语大学,文科,广告学,378
上海外国语大学,文科,英语（教育）,378
上海外国语大学,文科,法学,378
上海外国语大学,文科,广播电视学,378
上海外国语大学,文科,公共关系学,378
上海外国语大学,文科,政治学与行政学,378
东华大学,理科,经济与贸易类,370
东华大学,理科,服装设计与工程,369
东华大学,理科,计算机类,369
东华大学,理科,理科试验班,369
东华大学,理科,经济管理试验班（含市场营销等6个专业）,369
东华大学,理科,功能材料,368
东华大学,理科,管理科学与工程类,368
东华大学,理科,能源与环境系统工程,367
东华大学,理科,新闻传播学类,367
东华大学,理科,机械工程,367
东华大学,理科,工业设计,367
东华大学,理科,英语,367
东华大学,理科,数学类,367
东华大学,理科,材料类,367
东华大学,理科,电子信息类,367
东华大学,理科,社会科学试验班（法学、行政管理）,367
东华大学,理科,建筑环境与能源应用工程,366
东华大学,理科,日语,366
东华大学,理科,物理学类,366
东华大学,理科,纺织类,366
东华大学,理科,环境科学与工程类,366
东华大学,理科,化学类,366
东华大学,理科,轻工类（轻化工程）（中外合作办学）,366
东华大学,文科,工业设计,368
东华大学,文科,日语,368
东华大学,文科,经济与贸易类,367
东华大学,文科,英语,364
东华大学,文科,社会科学试验班（法学、行政管理）,364
东华大学,文科,新闻传播学类,363
东华大学,文科,经济管理试验班（含市场营销等6个专业）,363
北京工商大学,理科,经济学类,352
北京工商大学,理科,工商管理类,350
北京工商大学,理科,计算机类,347
北京工商大学,理科,环境工程,345
北京工商大学,理科,机械类,344
北京工商大学,理科,生物技术,344
北京工商大学,理科,化学,343
北京工商大学,理科,统计学类（应用统计学（风险和精算））（中外合作办学）,343
北京工商大学,文科,外国语言文学类,345
华东理工大学,理科,会计学,376
华东理工大学,理科,国际经济与贸易,376
华东理工大学,理科,工商管理类,376
华东理工大学,理科,电气工程及其自动化（中外合作办学）,375
华东理工大学,理科,计算机类,375
华东理工大学,理科,法学,374
华东理工大学,理科,工业设计,374
华东理工大学,理科,经济学类,374
华东理工大学,理科,制药工程,373
华东理工大学,理科,风景园林,373
华东理工大学,理科,数学类,373
华东理工大学,理科,电子信息类,373
华东理工大学,理科,能源与动力工程,372
华东理工大学,理科,应用化学,372
华东理工大学,理科,化学工程与工艺（中外合作办学）,372
华东理工大学,理科,外国语言文学类,372
华东理工大学,理科,化工与制药类,372
华东理工大学,理科,环境科学与工程类,372
华东理工大学,理科,管理科学与工程类,372
华东理工大学,理科,药学类,372
华东理工大学,理科,物理学类,371
华东理工大学,理科,材料类,371
华东理工大学,理科,机械类,371
华东理工大学,理科,食品科学与工程类,371
华东理工大学,理科,生物工程类,371
华东理工大学,文科,会计学,370
华东理工大学,文科,国际经济与贸易,368
华东理工大学,文科,经济学类,368
华东理工大学,文科,法学,367
华东理工大学,文科,工业设计,367
华东理工大学,文科,风景园林,367
华东理工大学,文科,工商管理类,367
华东理工大学,文科,外国语言文学类,364
华东理工大学,文科,公共管理类,363
同济大学,理科,城乡规划,399
同济大学,理科,建筑学,396
同济大学,理科,车辆工程,392
同济大学,理科,土木工程,392
同济大学,理科,风景园林,391
同济大学,理科,工业设计,391
同济大学,理科,测绘工程,390
同济大学,理科,理科试验班（化学类）,390
同济大学,理科,临床医学（“5+3”一体化）,390
同济大学,理科,新闻传播学类,389
同济大学,理科,理科试验班（海洋类）,389
同济大学,理科,社会科学试验班（经济类）,389
同济大学,理科,工科试验班（轨道交通）,389
同济大学,理科,历史建筑保护工程,388
同济大学,理科,软件工程,388
同济大学,理科,工科试验班（电气类）,388
同济大学,理科,社会科学试验班（管理类）,388
同济大学,理科,工科试验班（电子类）,388
同济大学,理科,机械类（机械设计制造及其自动化等专业）（中外合作办学）,388
同济大学,理科,生物科学类,387
同济大学,理科,工科试验班（机械类）,387
同济大学,理科,工程力学,387
同济大学,理科,工科试验班（能源类）,387
同济大学,理科,理科试验班（数学类）,387
同济大学,理科,工科试验班（环境类）,387
同济大学,理科,工科试验班（交通类）,387
同济大学,理科,工科试验班（地质与水利工程类）,387
同济大学,文科,建筑学,390
同济大学,文科,英语,387
同济大学,文科,日语,385
同济大学,文科,德语,385
同济大学,文科,社会科学试验班（管理类）,385
同济大学,文科,法学,382
同济大学,文科,新闻传播学类,382
同济大学,文科,城乡规划,381
同济大学,文科,政治学与行政学,381
同济大学,文科,人文科学试验班（哲学、文化产业管理、汉语言文学）,381
上海交通大学,理科,机械类（国际化人才培养试点班）,410
上海交通大学,理科,电子信息类（交大密西根学院）（中外合作办学）,410
上海交通大学,理科,电子信息类,409
上海交通大学,理科,电子信息类（IEEE试点班）,409
上海交通大学,理科,经济学类,408
上海交通大学,理科,工商管理类,407
上海交通大学,文科,经济学类,407
南京财经大学,理科,会计学,356
南京财经大学,理科,财务管理,352
南京财经大学,理科,审计学,352
南京财经大学,理科,金融学,351
南京财经大学,理科,财政学,350
南京财经大学,理科,法学,349
南京财经大学,理科,金融工程,349
南京财经大学,理科,税收学,349
南京财经大学,理科,经济学（基地班）,349
南京财经大学,理科,国际经济与贸易,348
南京财经大学,理科,计算机科学与技术,347
南京财经大学,理科,广告学,347
南京财经大学,理科,网络与新媒体,347
南京财经大学,理科,法语,347
南京财经大学,理科,保险学,347
南京财经大学,理科,工商管理,347
南京财经大学,理科,资产评估,347
南京财经大学,理科,经济统计学,347
南京财经大学,理科,劳动与社会保障,347
南京财经大学,理科,人力资源管理,347
南京财经大学,理科,管理科学,346
南京财经大学,理科,质量管理工程,346
南京财经大学,理科,旅游管理,346
南京财经大学,理科,食品科学与工程,346
南京财经大学,理科,粮食工程,346
南京财经大学,理科,应用化学,346
南京财经大学,理科,数学与应用数学,346
南京财经大学,理科,信息管理与信息系统,346
南京财经大学,理科,电子商务,346
南京财经大学,理科,英语,346
南京财经大学,理科,投资学,346
南京财经大学,理科,市场营销,346
南京财经大学,理科,食品质量与安全,346
南京财经大学,理科,房地产开发与管理,346
南京财经大学,理科,公共事业管理,346
南京财经大学,理科,物流管理,346
南京财经大学,理科,信用管理,346
南京财经大学,理科,金融数学,346
南京财经大学,理科,贸易经济,346
南京财经大学,理科,软件工程（嵌入式培养）,346
南京财经大学,理科,物联网工程,346
南京财经大学,理科,工业工程,346
南京财经大学,理科,工商管理类（工商管理（环境商务））（中外合作办学）,342
南京财经大学,文科,会计学,353
南京财经大学,文科,审计学,350
南京财经大学,文科,金融学,349
南京财经大学,文科,法语,348
南京财经大学,文科,财务管理,348
南京财经大学,文科,旅游管理,347
南京财经大学,文科,法学,347
南京财经大学,文科,广告学,347
南京财经大学,文科,社会工作,347
南京财经大学,文科,网络与新媒体,347
南京财经大学,文科,新闻学,347
南京财经大学,文科,英语,347
南京财经大学,文科,保险学,347
南京财经大学,文科,投资学,347
南京财经大学,文科,市场营销,347
南京财经大学,文科,工商管理,347
南京财经大学,文科,房地产开发与管理,347
南京财经大学,文科,财政学,347
南京财经大学,文科,公共事业管理,347
南京财经大学,文科,劳动与社会保障,347
南京财经大学,文科,物流管理,347
南京财经大学,文科,人力资源管理,347
南京财经大学,文科,税收学,347
南京财经大学,文科,经济学（基地班）,347
南京财经大学,文科,信用管理,347
南京财经大学,文科,国际经济与贸易,347
南京财经大学,文科,贸易经济,347
南京财经大学,文科,工商管理类（工商管理（环境商务））（中外合作办学）,337
重庆大学,理科,会计学（ACCA）,378
重庆大学,理科,工业设计,376
重庆大学,理科,建筑学,376
重庆大学,理科,金融学,375
重庆大学,理科,会计学,375
重庆大学,理科,经济学类,374
重庆大学,理科,软件工程,373
重庆大学,理科,建筑环境与能源应用工程,373
重庆大学,理科,给排水科学与工程,373
重庆大学,理科,电气工程及其自动化,373
重庆大学,理科,风景园林,373
重庆大学,理科,计算机科学与技术,373
重庆大学,理科,机械设计制造及其自动化,372
重庆大学,理科,信息管理与信息系统,372
重庆大学,理科,财务管理,372
重庆大学,理科,电子信息工程,371
重庆大学,理科,生物工程,371
重庆大学,理科,工商管理,371
重庆大学,理科,机械电子工程,371
重庆大学,理科,城乡规划,371
重庆大学,理科,能源经济,371
重庆大学,理科,公共管理类,371
重庆大学,理科,数学类,371
重庆大学,理科,信息安全,370
重庆大学,理科,环境科学,370
重庆大学,理科,测控技术与仪器,370
重庆大学,理科,自动化,370
重庆大学,理科,通信工程,370
重庆大学,理科,土木工程,370
重庆大学,理科,生物医学工程,370
重庆大学,理科,药学,370
重庆大学,理科,工程管理,370
重庆大学,理科,工程造价,370
重庆大学,理科,物流工程,370
重庆大学,理科,集成电路设计与集成系统,370
重庆大学,理科,生物科学,370
重庆大学,理科,房地产开发与管理,370
重庆大学,理科,城市地下空间工程,370
重庆大学,理科,光电信息科学与工程,370
重庆大学,理科,环境科学与工程类,370
重庆大学,理科,能源动力类,370
重庆大学,理科,材料科学与工程,369
重庆大学,理科,材料成型及控制工程,369
重庆大学,理科,车辆工程,369
重庆大学,理科,化学工程与工艺,369
重庆大学,理科,工业工程,369
重庆大学,理科,物理学类,369
重庆大学,理科,航空航天类,369
重庆大学,文科,经济学类,374
重庆大学,文科,德语,372
重庆大学,文科,法学类,372
重庆大学,文科,公共管理类,372
重庆大学,文科,人文科学试验班（含汉语言文学等4个专业）,372
重庆大学,文科,英语,371
重庆大学,文科,日语,371
重庆大学,文科,新闻传播学类,371
重庆大学,文科,风景园林,370
西南大学,理科,日语,366
西南大学,理科,工商管理类,366
西南大学,理科,管理科学与工程类,365
西南大学,理科,英语,359
西南大学,理科,物理学,359
西南大学,理科,网络工程,359
西南大学,理科,数学类,359
西南大学,理科,电子信息类,358
西南大学,理科,化学类,357
西南大学,理科,蚕学,356
西南大学,理科,材料类,356
西南大学,理科,土木类,356
西南大学,理科,食品科学与工程类,356
西南大学,理科,制药工程,355
西南大学,理科,动物科学,355
西南大学,理科,药学,355
西南大学,理科,风景园林,355
西南大学,理科,植物生产类,355
西南大学,理科,机械类,355
西南大学,理科,环境科学与工程类,355
西南大学,理科,生物科学类,355
西南大学,理科,纺织类,354
西南大学,文科,新闻学,363
西南大学,文科,英语,360
西南大学,文科,日语,360
西南大学,文科,德语,359
西南大学,文科,法学,357
西南大学,文科,文化产业管理,357
西南大学,文科,中国语言文学类,357
南京工业大学,理科,建筑学,351
南京工业大学,理科,金融学,350
南京工业大学,理科,会计学,349
南京工业大学,理科,电气工程及其自动化,348
南京工业大学,理科,工业设计,348
南京工业大学,理科,自动化,348
南京工业大学,理科,计算机科学与技术,348
南京工业大学,理科,风景园林,347
南京工业大学,理科,环境工程,347
南京工业大学,理科,通信工程,347
南京工业大学,理科,计算机科学与技术（嵌入式培养）,347
南京工业大学,理科,信息管理与信息系统,347
南京工业大学,理科,城乡规划,346
南京工业大学,理科,光电信息科学与工程,346
南京工业大学,理科,交通工程,346
南京工业大学,理科,工程管理,346
南京工业大学,理科,数学与应用数学,346
南京工业大学,理科,电子信息工程,346
南京工业大学,理科,工业工程,345
南京工业大学,理科,建筑环境与能源应用工程,345
南京工业大学,理科,建筑电气与智能化,345
南京工业大学,理科,地理信息科学,345
南京工业大学,理科,测控技术与仪器,345
南京工业大学,理科,新能源科学与工程,345
南京工业大学,理科,化学工程与工艺,345
南京工业大学,理科,安全工程,345
南京工业大学,理科,消防工程,345
南京工业大学,理科,生物工程类,345
南京工业大学,理科,制药工程,345
南京工业大学,理科,工程力学,345
南京工业大学,理科,应用物理学,345
南京工业大学,理科,焊接技术与工程,345
南京工业大学,理科,新能源材料与器件,345
南京工业大学,理科,给排水科学与工程,345
南京工业大学,理科,测绘工程,345
南京工业大学,理科,轻化工程,345
南京工业大学,理科,交通工程（城市轨道交通）,345
南京工业大学,理科,冶金工程,345
南京工业大学,理科,应用化学,345
南京工业大学,理科,环境科学,345
南京工业大学,理科,药物制剂,345
南京工业大学,理科,土木工程,345
南京工业大学,理科,车辆工程,345
南京工业大学,理科,机械工程,345
南京工业大学,理科,水质科学与技术,345
南京工业大学,理科,勘查技术与工程,345
南京工业大学,理科,复合材料与工程,345
南京工业大学,理科,材料科学与工程,345
南京工业大学,理科,能源与动力工程,345
南京工业大学,理科,食品科学与工程,345
南京工业大学,理科,城市地下空间工程,345
南京工业大学,理科,过程装备与控制工程,345
南京工业大学,理科,高分子材料与工程,345
南京工业大学,理科,资源环境科学,345
南京工业大学,理科,食品质量与安全,345
南京工业大学,理科,金属材料工程,345
南京工业大学,理科,化学,345
南京工业大学,理科,无机非金属材料工程,345
南京工业大学,理科,能源与环境系统工程,345
南京工业大学,理科,药学,345
南京工业大学,理科,信息与计算科学（嵌入式培养）,345
南京工业大学,理科,电子信息类（电子信息工程）（中外合作办学）,333
南京工业大学,理科,化工与制药类（制药工程）（中外合作办学）,332
南京工业大学,理科,机械类（机械工程）（中外合作办学）,332
南京工业大学,文科,会计学,343
南京工业大学,文科,金融学,342
南京工业大学,文科,城乡规划,342
南京工业大学,文科,工程管理,341
南京工业大学,文科,法学,340
南京工业大学,文科,社会工作,340
南京工业大学,文科,英语,340
南京工业大学,文科,德语,340
南京工业大学,文科,建筑环境与能源应用工程,340
南京工业大学,文科,风景园林,340
南京工业大学,文科,工业设计,340
南京工业大学,文科,人力资源管理,340
南京工业大学,文科,信息管理与信息系统,340
南京工业大学,文科,食品质量与安全,340
南京工业大学,文科,日语,339
南京工业大学,文科,国际经济与贸易,339
南京工业大学,文科,汉语国际教育,339
南京工业大学,文科,建筑电气与智能化,339
南京工业大学,文科,行政管理,339
南京工业大学,文科,工商管理,339
南京工业大学,文科,公共事业管理,339
南京工业大学,文科,市场营销,339
太原理工大学,理科,电气工程及其自动化,354
太原理工大学,理科,建筑学,350
太原理工大学,理科,土木工程,350
太原理工大学,理科,机械设计制造及其自动化,350
太原理工大学,理科,自动化,350
太原理工大学,理科,光电信息科学与工程,350
太原理工大学,理科,通信工程,350
太原理工大学,理科,电子科学与技术,350
太原理工大学,理科,过程装备与控制工程,349
太原理工大学,理科,安全工程,349
太原理工大学,理科,车辆工程,349
太原理工大学,理科,机械电子工程,349
太原理工大学,理科,材料成型及控制工程,349
太原理工大学,理科,城市地下空间工程,349
太原理工大学,理科,能源与动力工程,349
太原理工大学,理科,电子信息工程,349
太原理工大学,理科,应用物理学,349
太原理工大学,理科,物联网工程,349
太原理工大学,理科,信息安全,348
太原理工大学,理科,水利水电工程,348
太原理工大学,理科,水文与水资源工程,348
太原理工大学,理科,环境工程,348
太原理工大学,理科,应用化学,348
太原理工大学,理科,化学工程与工艺,348
太原理工大学,理科,制药工程,348
太原理工大学,理科,工业设计,348
太原理工大学,理科,冶金工程,348
太原理工大学,理科,服装设计与工程,348
太原理工大学,理科,纺织工程,348
太原理工大学,理科,测绘工程,348
太原理工大学,理科,道路桥梁与渡河工程,348
太原理工大学,理科,农业水利工程,348
太原理工大学,理科,信息与计算科学,348
太原理工大学,理科,数学与应用数学,348
太原理工大学,理科,建筑环境与能源应用工程,348
太原理工大学,理科,生物医学工程,348
太原理工大学,理科,工程力学,348
太原理工大学,理科,光源与照明,348
太原理工大学,理科,工程管理,348
太原理工大学,理科,文物保护技术,337
大连理工大学,理科,电子信息类（电气信息类创新实验班）,375
大连理工大学,理科,电气工程及其自动化,375
大连理工大学,理科,工程力学（钱令希力学创新实验班）,375
大连理工大学,理科,工程力学,374
大连理工大学,理科,机械设计制造及其自动化（日语强化）,374
大连理工大学,理科,电子信息工程（含英语强化班）,374
大连理工大学,理科,建筑学,374
大连理工大学,理科,计算机科学与技术,373
大连理工大学,理科,自动化,373
大连理工大学,理科,金融学类,373
大连理工大学,理科,工业设计,373
大连理工大学,理科,船舶与海洋工程,373
大连理工大学,理科,数学类,373
大连理工大学,理科,化工与制药类（化工环境生命类创新实验班）,373
大连理工大学,理科,工程管理,372
大连理工大学,理科,工商管理类,372
大连理工大学,理科,电子科学与技术,372
大连理工大学,理科,环境科学与工程类,372
大连理工大学,理科,车辆工程（英语强化）,372
大连理工大学,理科,土木工程（含国际班）,372
大连理工大学,理科,飞行器设计与工程,372
大连理工大学,理科,计算机科学与技术（日语强化）,372
大连理工大学,理科,城乡规划,372
大连理工大学,理科,高分子材料与工程,371
大连理工大学,理科,生物工程,371
大连理工大学,理科,交通工程,371
大连理工大学,理科,能源动力类,371
大连理工大学,理科,信息管理与信息系统,371
大连理工大学,理科,金属材料工程（日语强化）,371
大连理工大学,理科,水利类,371
大连理工大学,理科,应用物理学（王大珩物理科学班）,371
大连理工大学,理科,机械类,371
大连理工大学,理科,机械类（机械类创新实验班）,371
大连理工大学,理科,物理学类,370
大连理工大学,理科,应用化学,370
大连理工大学,理科,建筑环境与能源应用工程,370
大连理工大学,理科,生物医学工程,370
大连理工大学,理科,集成电路设计与集成系统,370
大连理工大学,理科,化学工程与工艺（含国际班）,370
大连理工大学,理科,过程装备与控制工程,370
大连理工大学,理科,材料类,370
大连理工大学,理科,软件工程（含网络工程）,370
大连理工大学,文科,新闻传播学类,361
大连理工大学,文科,公共管理类,360
大连理工大学,文科,日语,359
大连理工大学,文科,哲学,359
大连理工大学,文科,英语（英语、翻译）,359
辽宁大学,理科,会计学,352
辽宁大学,理科,经济学类（经济学、经济统计学、国民经济管理）,351
辽宁大学,理科,电子科学与技术,350
辽宁大学,理科,生物科学类（生物科学、生物技术）,348
辽宁大学,理科,数学类（数学与应用数学、信息与计算科学）,348
辽宁大学,理科,环境工程,348
辽宁大学,文科,金融学类（金融学、保险学）,356
辽宁大学,文科,法学,355
辽宁大学,文科,档案学,353
辽宁大学,文科,德语,353
辽宁大学,文科,汉语国际教育,352
辽宁大学,文科,新闻学,351
辽宁大学,文科,广告学,349
辽宁大学,文科,行政管理,349
辽宁大学,文科,英语,349
辽宁大学,文科,劳动与社会保障,348
辽宁大学,文科,工商管理类（会计学）（中外合作办学）,339
辽宁大学,文科,工商管理类（工商管理）（中外合作办学）,334
大连海事大学,理科,交通运输,358
大连海事大学,理科,法学,357
大连海事大学,理科,通信工程,356
大连海事大学,理科,英语,356
大连海事大学,理科,电子信息工程,355
大连海事大学,理科,自动化,352
大连海事大学,理科,计算机科学与技术,352
大连海事大学,理科,电气工程及其自动化,352
大连海事大学,理科,软件工程,352
大连海事大学,理科,物流工程,352
大连海事大学,理科,机械设计制造及其自动化,352
大连海事大学,理科,交通管理,352
大连海事大学,理科,智能科学与技术,352
大连海事大学,理科,能源与动力工程,352
大连海事大学,理科,轮机工程（陆上专业）,352
大连海事大学,理科,应用物理学,351
大连海事大学,理科,电子信息科学与技术,351
大连海事大学,理科,环境工程,351
大连海事大学,理科,信息管理与信息系统,351
大连海事大学,理科,工商管理,351
大连海事大学,理科,电子商务,351
大连海事大学,理科,公共事业管理,351
大连海事大学,理科,物流管理,351
大连海事大学,理科,测控技术与仪器,351
大连海事大学,理科,网络工程,351
大连海事大学,理科,数学与应用数学,351
大连海事大学,理科,救助与打捞工程,351
大连海事大学,理科,物联网工程,351
大连海事大学,理科,光电信息科学与工程,351
大连海事大学,文科,法学,356
大连海事大学,文科,财务管理,355
大连海事大学,文科,经济学,353
大连海事大学,文科,英语,351
大连海事大学,文科,政治学与行政学,350
大连海事大学,文科,社会工作,350
延边大学,理科,临床医学,366
延边大学,理科,麻醉学,364
延边大学,理科,机械设计制造及其自动化,359
延边大学,理科,电子信息类,359
延边大学,理科,药学类,359
延边大学,文科,朝鲜语,341
延边大学,文科,法学,340
延边大学,文科,工商管理类,338
南京大学,理科,理科试验班（数学与应用数学、信息与计算科学、统计学、物理学、化学、生物科学、生物科学（生物物理学）、计算机科学与技术、天文学、生物科学（生物化学））（大理科班）,398
南京大学,理科,经济管理试验班（经济学、经济学（产业经济）、金融学、工商管理（人力资源）、金融工程、保险学、国际经济与贸易、工商管理、财政学、市场营销、会计学、财务管理、电子商务）,395
南京大学,理科,计算机类,393
南京大学,理科,理科试验班（数学与应用数学、信息与计算科学、统计学、物理学、应用物理学、声学、天文学、空间科学与技术、大气科学、应用气象学）（数理科学类）,392
南京大学,理科,临床医学,391
南京大学,理科,社会科学试验班（法学、政治学与行政学、国际政治、社会学、社会工作、信息管理与信息系统、行政管理、劳动与社会保障、应用心理学、图书馆学、档案学、编辑出版学）,390
南京大学,理科,软件工程,388
南京大学,理科,口腔医学,388
南京大学,理科,电子信息类,387
南京大学,理科,理科试验班,387
南京大学,理科,理科试验班（化学、应用化学、生物科学、环境工程、生物技术、生态学、环境科学（环境化学与环境生物）、环境科学（环境规划与管理））（化学与生命科学类）,387
南京大学,理科,工科试验班（材料物理、材料化学、新能源科学与工程、光电信息科学与工程、生物医学工程、金融工程、工业工程、自动化、建筑学、城乡规划（五年制））,387
南京大学,理科,临床医学（“5+3”一体化）,387
南京大学,文科,经济管理试验班（经济学、金融学、金融工程、保险学、国际经济与贸易、工商管理、市场营销、会计学、财务管理、电子商务、经济学（产业经济）、工商管理（人力资源））,392
南京大学,文科,外国语言文学类（英语、德语、西班牙语、法语）,388
南京大学,文科,社会科学试验班（法学、政治学与行政学、行政管理、劳动与社会保障、国际政治、社会学、社会工作、应用心理学、图书馆学、档案学、编辑出版学）,384
南京大学,文科,人文科学试验班（汉语言文学、历史学、考古学、哲学、汉语国际教育、新闻学、广播电视学、广告学、考古学（文物鉴定））（人文艺术传播类）,384
江南大学,理科,工业设计,364
江南大学,理科,金融学,360
江南大学,理科,数字媒体技术,359
江南大学,理科,食品质量与安全,359
江南大学,理科,食品科学与工程,359
江南大学,理科,信息与计算科学,358
江南大学,理科,物联网工程,358
江南大学,理科,计算机科学与技术,358
江南大学,理科,光电信息科学与工程,358
江南大学,理科,服装设计与工程,358
江南大学,理科,临床医学,358
江南大学,理科,工商管理类（工商管理、会计学）,358
江南大学,理科,教育学类（教育技术学、小学教育）（师范）,358
江南大学,理科,英语,357
江南大学,理科,制药工程,357
江南大学,理科,包装工程,357
江南大学,理科,国际经济与贸易,357
江南大学,理科,土木工程,357
江南大学,理科,环境工程,357
江南大学,理科,化学工程与工艺,357
江南大学,理科,高分子材料与工程,357
江南大学,理科,应用化学,357
江南大学,理科,自动化类,357
江南大学,理科,生物工程类,357
江南大学,理科,工程管理,357
江南大学,理科,电子信息类（通信工程、微电子科学与工程）,357
江南大学,理科,轻化工程,356
江南大学,理科,纺织工程,356
江南大学,理科,机械类（机械工程、机械电子工程、过程装备与控制工程）,356
江南大学,理科,工商管理类（工商管理）（中外合作办学）,348
江南大学,文科,金融学,359
江南大学,文科,汉语言文学,356
江南大学,文科,英语,356
江南大学,文科,国际经济与贸易,356
江南大学,文科,工商管理类（工商管理、会计学）,356
江南大学,文科,教育学类（教育技术学、小学教育）（师范）,356
江南大学,文科,工业工程,355
江南大学,文科,日语,355
江南大学,文科,法学类（法学、社会工作）,355
江南大学,文科,工商管理类（工商管理）（中外合作办学）,346
南京航空航天大学,理科,电气工程及其自动化,381
南京航空航天大学,理科,信息与计算科学,380
南京航空航天大学,理科,工程力学,380
南京航空航天大学,理科,自动化,379
南京航空航天大学,理科,计算机科学与技术,378
南京航空航天大学,理科,飞行器设计与工程（航天）,378
南京航空航天大学,理科,应用物理学,378
南京航空航天大学,理科,飞行器设计与工程,378
南京航空航天大学,理科,工商管理类,378
南京航空航天大学,理科,交通运输（机场运行与管理）,377
南京航空航天大学,理科,材料科学与工程,377
南京航空航天大学,理科,管理科学与工程类,377
南京航空航天大学,理科,交通运输（空中交通管制与签派）,377
南京航空航天大学,理科,交通运输（民航运输管理）,376
南京航空航天大学,理科,软件工程,376
南京航空航天大学,理科,信息工程（航天信息应用）,376
南京航空航天大学,理科,飞行器环境与生命保障工程,376
南京航空航天大学,理科,电子信息类（电子信息科学与技术、电子信息科学与技术（微波毫米波系统与器件技术）、信息工程）,376
南京航空航天大学,理科,飞行器制造工程,375
南京航空航天大学,理科,机械工程,375
南京航空航天大学,理科,信息安全,375
南京航空航天大学,理科,物联网工程,375
南京航空航天大学,理科,能源与动力工程,375
南京航空航天大学,理科,飞行器动力工程,375
南京航空航天大学,理科,探测制导与控制技术,375
南京航空航天大学,理科,测控技术与仪器,375
南京航空航天大学,理科,经济与贸易类,375
南京航空航天大学,理科,交通运输类（交通运输（机场运行与管理））（中外合作办学）,357
南京航空航天大学,理科,自动化类（自动化（航空电子与控制））（中外合作办学）,357
南京航空航天大学,文科,管理科学与工程类,371
南京航空航天大学,文科,经济与贸易类,370
南京航空航天大学,文科,英语（民航业务、国际贸易）,369
南京航空航天大学,文科,法学,369
南京航空航天大学,文科,广播电视学,368
南京航空航天大学,文科,政治学与行政学,368
南京航空航天大学,文科,工商管理类,368
中国科学技术大学,理科,理科试验班类（含华罗庚数学科技英才班、严济慈物理科技英才班、卢嘉锡化学科技英才班、贝时璋生命科技英才班）,397
中国科学技术大学,理科,材料类,395
中国科学技术大学,理科,数学类,394
中国科学技术大学,理科,物理学类,394
中国科学技术大学,理科,工科试验班（含钱学森力学科技英才班、计算机与信息科技英才班）,394
中国科学技术大学,理科,理科试验班类（教学改革试点班（00班））,394
中国科学技术大学,理科,计算机类,393
中国科学技术大学,理科,化学类,393
中国科学技术大学,理科,核工程类,393
中国科学技术大学,理科,电子信息类,392
中国科学技术大学,理科,地球物理学类,392
中国科学技术大学,理科,工科试验班（含力学类、机械类、能源动力类、安全科学与工程类）,392
中国科学技术大学,理科,经济管理试验班（含管理科学、金融学、工商管理精英班）,392
安徽大学,理科,计算机科学与技术,359
安徽大学,理科,软件工程,358
安徽大学,理科,通信工程,358
安徽大学,理科,金融数学,356
安徽大学,理科,电子科学与技术,356
安徽大学,理科,自动化,356
安徽大学,理科,电气工程及其自动化,356
安徽大学,理科,数字媒体技术,356
安徽大学,理科,电子信息工程,356
安徽大学,理科,数学类（含数学与应用数学、信息与计算科学）,356
安徽大学,理科,应用物理学,355
安徽大学,理科,应用化学,355
安徽大学,理科,地理信息科学,355
安徽大学,理科,环境科学,355
安徽大学,理科,物联网工程,355
安徽大学,理科,机械设计制造及其自动化,355
安徽大学,理科,光电信息科学与工程,355
安徽大学,理科,物流管理,355
安徽大学,理科,知识产权,354
安徽大学,理科,材料物理,354
安徽大学,理科,生物工程,354
安徽大学,理科,化学工程与工艺,354
安徽大学,理科,测控技术与仪器,354
安徽大学,理科,材料化学,354
安徽大学,理科,信息管理与信息系统,354
安徽大学,文科,经济学,359
安徽大学,文科,英语,358
安徽大学,文科,西班牙语,358
安徽大学,文科,汉语言文学,358
安徽大学,文科,会计学,358
安徽大学,文科,新闻学,356
安徽大学,文科,网络与新媒体,356
安徽大学,文科,国际经济与贸易,356
安徽大学,文科,日语,355
安徽大学,文科,德语,355
安徽大学,文科,汉语国际教育,355
安徽大学,文科,税收学,355
安徽大学,文科,广播电视学,354
安徽大学,文科,政治学与行政学,354
安徽大学,文科,历史学,354
安徽大学,文科,哲学,354
安徽大学,文科,人力资源管理,354
安徽大学,文科,应用心理学,354
安徽大学,文科,市场营销,354
安徽大学,文科,工商管理,354
安徽大学,文科,公共管理类（含行政管理、劳动与社会保障）,354
合肥工业大学,理科,电气工程及其自动化,366
合肥工业大学,理科,车辆工程,363
合肥工业大学,理科,计算机科学与技术,363
合肥工业大学,理科,建筑学,362
合肥工业大学,理科,会计学,361
合肥工业大学,理科,信息安全,361
合肥工业大学,理科,信息管理与信息系统,360
合肥工业大学,理科,生物技术,359
合肥工业大学,理科,能源与动力工程,359
合肥工业大学,理科,光电信息科学与工程,359
合肥工业大学,理科,工业设计,359
合肥工业大学,理科,粉体材料科学与工程,359
合肥工业大学,理科,信息与计算科学,358
合肥工业大学,理科,数学与应用数学,358
合肥工业大学,理科,金融工程,358
合肥工业大学,理科,工商管理,358
合肥工业大学,理科,经济学,358
合肥工业大学,理科,交通工程,358
合肥工业大学,理科,工程力学,358
合肥工业大学,理科,地理信息科学,358
合肥工业大学,理科,测控技术与仪器,358
合肥工业大学,理科,通信工程,358
合肥工业大学,理科,无机非金属材料工程,358
合肥工业大学,理科,飞行器制造工程,358
合肥工业大学,理科,机械设计制造及其自动化,358
合肥工业大学,理科,自动化,358
合肥工业大学,理科,智能电网信息工程,358
合肥工业大学,理科,电子信息工程,358
合肥工业大学,理科,化学工程与工艺,358
合肥工业大学,理科,生物医学工程,358
合肥工业大学,理科,应用物理学,357
合肥工业大学,理科,生物工程,357
合肥工业大学,理科,食品科学与工程,357
合肥工业大学,理科,软件工程,357
合肥工业大学,理科,微电子科学与工程,357
合肥工业大学,理科,电子商务,357
合肥工业大学,理科,交通运输,357
合肥工业大学,理科,制药工程,357
合肥工业大学,理科,药学,357
合肥工业大学,理科,集成电路设计与集成系统,357
合肥工业大学,理科,地下水科学与工程,357
合肥工业大学,理科,环境工程,357
合肥工业大学,理科,测绘工程,357
合肥工业大学,理科,建筑环境与能源应用工程,357
合肥工业大学,理科,给排水科学与工程,357
合肥工业大学,理科,应用化学,357
合肥工业大学,理科,水利水电工程,357
合肥工业大学,理科,高分子材料与工程,357
合肥工业大学,理科,土木工程,357
合肥工业大学,理科,城乡规划,357
合肥工业大学,理科,资源勘查工程,357
合肥工业大学,理科,金属材料工程,357
合肥工业大学,理科,材料成型及控制工程,357
合肥工业大学,理科,工业工程,357
合肥工业大学,理科,材料物理,357
合肥工业大学,理科,电子科学与技术,357
合肥工业大学,理科,国际经济与贸易,357
合肥工业大学,文科,英语,340
合肥工业大学,文科,思想政治教育,337
厦门大学,理科,会计学,382
厦门大学,理科,经济学类,382
厦门大学,理科,新闻传播学类,382
厦门大学,理科,工商管理类,382
厦门大学,理科,新能源科学与工程,381
厦门大学,理科,法学类,381
厦门大学,理科,数学类,381
厦门大学,理科,建筑类,381
厦门大学,理科,政治学类,380
厦门大学,理科,公共管理类,380
厦门大学,理科,海洋科学类,380
厦门大学,理科,环境科学与工程类,380
厦门大学,理科,化学类,380
厦门大学,理科,软件工程,379
厦门大学,理科,药学,379
厦门大学,理科,物理学类,379
厦门大学,理科,电子信息类,379
厦门大学,理科,计算机类,379
厦门大学,理科,化学工程与工艺,378
厦门大学,理科,人文科学试验班,378
厦门大学,理科,材料类,378
厦门大学,理科,土木类,378
厦门大学,理科,生物科学类,378
厦门大学,理科,航空航天类,378
厦门大学,文科,会计学,384
厦门大学,文科,法学类,383
厦门大学,文科,西班牙语,381
厦门大学,文科,英语,381
厦门大学,文科,经济学类,381
厦门大学,文科,新闻传播学类,381
厦门大学,文科,公共管理类,381
厦门大学,文科,人文科学试验班,381
厦门大学,文科,德语,380
厦门大学,文科,法语,380
厦门大学,文科,政治学类,380
福州大学,理科,电气工程及其自动化,363
福州大学,理科,机械设计制造及其自动化,360
福州大学,理科,计算机类,358
福州大学,理科,会计学,357
福州大学,理科,电子信息类,357
福州大学,理科,交通运输类,357
福州大学,理科,微电子科学与工程,356
福州大学,理科,经济统计学,356
福州大学,理科,材料科学与工程,356
福州大学,理科,建筑学,356
福州大学,理科,建筑电气与智能化,356
福州大学,理科,食品科学与工程,355
福州大学,理科,资源循环科学与工程,355
福州大学,理科,信息管理与信息系统,355
福州大学,理科,数字媒体技术,355
福州大学,理科,风景园林,355
福州大学,理科,港口航道与海岸工程,355
福州大学,理科,给排水科学与工程,355
福州大学,理科,软件工程,355
福州大学,理科,过程装备与控制工程,355
福州大学,理科,工业设计,354
福州大学,理科,土木工程,354
福州大学,理科,环境工程,354
福州大学,理科,化学工程与工艺,354
福州大学,理科,制药工程,354
福州大学,理科,资源勘查工程,341
福州大学,理科,采矿工程,340
福州大学,理科,矿物加工工程,337
福州大学,文科,金融学,354
福州大学,文科,法学,354
福州大学,文科,英语,353
福州大学,文科,物流管理,353
福州大学,文科,日语,352
福州大学,文科,汉语言文学,352
南昌大学,理科,光电信息科学与工程,354
南昌大学,理科,自动化,354
南昌大学,理科,经济学,354
南昌大学,理科,材料类,354
南昌大学,理科,建筑学,353
南昌大学,理科,临床医学,352
南昌大学,理科,电子信息类,352
南昌大学,理科,计算机类,352
南昌大学,理科,机械类,352
南昌大学,理科,食品科学与工程类,352
南昌大学,理科,信息与计算科学,351
南昌大学,理科,信息管理与信息系统,351
南昌大学,理科,电子商务,351
南昌大学,理科,土木类,351
南昌大学,理科,水产养殖学,350
南昌大学,理科,管理科学,350
南昌大学,理科,数学与应用数学,350
南昌大学,理科,测控技术与仪器,350
南昌大学,理科,生物科学类,350
南昌大学,文科,新闻学,355
南昌大学,文科,法学类,352
南昌大学,文科,劳动与社会保障,351
南昌大学,文科,中国语言文学类,351
南昌大学,文科,工商管理类,351
南昌大学,文科,历史学,350
南昌大学,文科,英语,350
南昌大学,文科,日语,350
郑州大学,理科,口腔医学,360
郑州大学,理科,物理学类,357
郑州大学,理科,电气工程及其自动化,357
郑州大学,理科,自动化,357
郑州大学,理科,经济统计学,356
郑州大学,理科,金融数学,356
郑州大学,理科,轨道交通信号与控制,356
郑州大学,理科,麻醉学,356
郑州大学,理科,建筑类,356
郑州大学,理科,英语,355
郑州大学,理科,材料类,354
郑州大学,理科,计算机类,354
郑州大学,理科,水利类,354
郑州大学,理科,包装工程,353
郑州大学,理科,化学工程与工艺,353
郑州大学,理科,机械工程,353
郑州大学,理科,电子信息类,353
郑州大学,理科,化学类,353
郑州大学,理科,预防医学,352
郑州大学,理科,工程管理,352
郑州大学,理科,土木类,352
郑州大学,理科,生物科学类,352
郑州大学,文科,会计学,355
郑州大学,文科,金融学,354
郑州大学,文科,工商管理,353
郑州大学,文科,国际经济与贸易,353
郑州大学,文科,财务管理,353
郑州大学,文科,法学,353
郑州大学,文科,社会工作,352
郑州大学,文科,人力资源管理,352
郑州大学,文科,中国语言文学类,352
华中科技大学,理科,临床医学（八年制贯通培养）,388
华中科技大学,理科,临床医学,386
华中科技大学,理科,电气工程及其自动化,384
华中科技大学,理科,电子信息工程,383
华中科技大学,理科,通信工程,383
华中科技大学,理科,自动化,383
华中科技大学,理科,计算机类,383
华中科技大学,理科,软件工程,382
华中科技大学,理科,预防医学,382
华中科技大学,理科,金融工程,382
华中科技大学,理科,经济学（实验班）,382
华中科技大学,理科,建筑学,381
华中科技大学,理科,医学影像学,381
华中科技大学,理科,功能材料,381
华中科技大学,理科,数学类,381
华中科技大学,理科,机械类,381
华中科技大学,理科,生物医学工程类,381
华中科技大学,理科,经济学（创新实验班）,381
华中科技大学,理科,自动化（实验班）,381
华中科技大学,理科,光电信息科学与工程（创新实验班）,381
华中科技大学,理科,光电信息科学与工程（卓越计划实验班）,381
华中科技大学,理科,国际经济与贸易,380
华中科技大学,理科,给排水科学与工程,380
华中科技大学,理科,水利水电工程,380
华中科技大学,理科,法医学,380
华中科技大学,理科,信息管理与信息系统,380
华中科技大学,理科,材料科学与工程,380
华中科技大学,理科,材料成型及控制工程,380
华中科技大学,理科,物流管理,380
华中科技大学,理科,数字媒体技术,380
华中科技大学,理科,电磁场与无线技术,380
华中科技大学,理科,信息管理与信息系统（医学信息）,380
华中科技大学,理科,能源动力类,380
华中科技大学,理科,飞行器设计与工程,380
华中科技大学,理科,电子信息类,380
华中科技大学,理科,药学（基地班）,380
华中科技大学,理科,船舶与海洋工程（实验班）,380
华中科技大学,理科,给排水科学与工程（实验班）,380
华中科技大学,理科,测控技术与仪器,379
华中科技大学,理科,风景园林,379
华中科技大学,理科,物理学类,379
华中科技大学,理科,土木类,379
华中科技大学,理科,海洋工程类,379
华中科技大学,理科,化学类,379
华中科技大学,理科,生物科学类,379
华中科技大学,理科,生物医学工程（工程科学国际化示范学院）,379
华中科技大学,理科,集成电路设计与集成系统（实验班）,379
华中科技大学,理科,生物技术（实验班）,379
华中科技大学,理科,化学（实验班）,379
华中科技大学,文科,财务管理,377
华中科技大学,文科,财政学,377
华中科技大学,文科,城乡规划,376
华中科技大学,文科,社会学类（社会学、社会工作）,375
华中科技大学,文科,新闻传播学类（新闻学、广告学、广播电视学）,375
华中科技大学,文科,法学,374
华中科技大学,文科,政治学与行政学,374
华中科技大学,文科,汉语国际教育,374
华中科技大学,文科,翻译,374
华中科技大学,文科,汉语言文学,373
华中科技大学,文科,英语,373
华中科技大学,文科,哲学,373
华中科技大学,文科,法语,373
浙江工业大学,理科,计算机类,352
浙江工业大学,理科,化工与制药类,352
浙江工业大学,理科,电子信息类,351
浙江工业大学,理科,工商管理类,350
浙江工业大学,理科,机械类,350
浙江工业大学,理科,生物工程类,350
浙江工业大学,理科,法学类,349
浙江工业大学,理科,药学类,349
浙江工业大学,理科,海洋技术,349
浙江工业大学,文科,法学类,344
浙江工业大学,文科,英语,344
湖北大学,理科,人力资源管理,341
湖北大学,理科,数学与应用数学,341
湖北大学,理科,新闻传播学类,341
湖北大学,理科,计算机类,341
湖北大学,文科,国际经济与贸易,340
湖北大学,文科,公共管理类,340
华中农业大学,理科,动物医学,356
华中农业大学,理科,生物工程,353
华中农业大学,理科,风景园林,353
华中农业大学,理科,生物科学类,353
华中农业大学,理科,计算机科学与技术,352
华中农业大学,理科,经济学类,352
华中农业大学,理科,法学,351
华中农业大学,理科,林学,351
华中农业大学,理科,生物信息学,351
华中农业大学,理科,广告学,350
华中农业大学,理科,信息与计算科学,350
华中农业大学,理科,园艺,350
华中农业大学,理科,食品科学与工程类,350
华中农业大学,理科,动物科学,349
华中农业大学,理科,环境科学与工程类,349
华中农业大学,理科,植物生产类,349
华中农业大学,理科,管理科学与工程类,349
华中农业大学,理科,机械类,349
华中农业大学,理科,农业工程类,349
华中农业大学,理科,公共管理类,349
华中农业大学,理科,水产类,348
华中农业大学,文科,外国语言文学类,349
华中农业大学,文科,工商管理类,349
华中农业大学,文科,社会学类,347
中国地质大学（武汉）,理科,地球信息科学与技术,361
中国地质大学（武汉）,理科,机械设计制造及其自动化,358
中国地质大学（武汉）,理科,地质学（基地班）,358
中国地质大学（武汉）,理科,地理科学类,358
中国地质大学（武汉）,理科,通信工程,357
中国地质大学（武汉）,理科,宝石及材料工艺学,357
中国地质大学（武汉）,理科,遥感科学与技术,357
中国地质大学（武汉）,理科,地质工程,356
中国地质大学（武汉）,理科,计算机科学与技术,356
中国地质大学（武汉）,理科,地质学类（地球科学菁英班）,356
中国地质大学（武汉）,理科,地质学类,356
中国地质大学（武汉）,理科,数学与应用数学,355
中国地质大学（武汉）,理科,环境工程（菁英班）,355
中国地质大学（武汉）,理科,材料化学,355
中国地质大学（武汉）,理科,地理信息科学,355
中国地质大学（武汉）,理科,大气科学,355
中国地质大学（武汉）,理科,海洋科学,355
中国地质大学（武汉）,理科,经济学,354
中国地质大学（武汉）,理科,工业设计,354
中国地质大学（武汉）,理科,应用化学,354
中国地质大学（武汉）,理科,统计学,354
中国地质大学（武汉）,理科,信息与计算科学,354
中国地质大学（武汉）,理科,电子信息工程,354
中国地质大学（武汉）,理科,水文与水资源工程,354
中国地质大学（武汉）,理科,工程管理,354
中国地质大学（武汉）,理科,市场营销,354
中国地质大学（武汉）,理科,旅游管理,354
中国地质大学（武汉）,理科,土木工程,354
中国地质大学（武汉）,理科,信息安全,354
中国地质大学（武汉）,理科,空间信息与数字技术,354
中国地质大学（武汉）,理科,物理学,353
中国地质大学（武汉）,理科,软件工程,353
中国地质大学（武汉）,理科,资源勘查工程,353
中国地质大学（武汉）,理科,网络工程,353
中国地质大学（武汉）,理科,材料科学与工程,353
中国地质大学（武汉）,理科,自动化,353
中国地质大学（武汉）,理科,测控技术与仪器,353
中国地质大学（武汉）,理科,测绘工程,353
中国地质大学（武汉）,理科,环境工程,353
中国地质大学（武汉）,理科,公共事业管理,353
中国地质大学（武汉）,理科,土地资源管理,353
中国地质大学（武汉）,理科,信息管理与信息系统,353
中国地质大学（武汉）,理科,安全工程,353
中国地质大学（武汉）,理科,地理空间信息工程,353
中国地质大学（武汉）,理科,自然地理与资源环境,353
中国地质大学（武汉）,文科,经济学,354
中国地质大学（武汉）,文科,思想政治教育,352
中国地质大学（武汉）,文科,英语,352
中国地质大学（武汉）,文科,法学,351
中国地质大学（武汉）,文科,广播电视学,351
中国地质大学（武汉）,文科,旅游管理,351
中国地质大学（武汉）,文科,市场营销,350
湖南大学,理科,英语,375
湖南大学,理科,电气工程及其自动化,373
湖南大学,理科,会计学,372
湖南大学,理科,经济学类,372
湖南大学,理科,计算机科学与技术,372
湖南大学,理科,数学类,372
湖南大学,理科,国际经济与贸易,371
湖南大学,理科,建筑学,371
湖南大学,理科,法学,370
湖南大学,理科,软件工程,370
湖南大学,理科,通信工程,370
湖南大学,理科,统计学类,370
湖南大学,理科,自动化,369
湖南大学,理科,电子信息工程,369
湖南大学,理科,城乡规划,369
湖南大学,理科,工商管理,369
湖南大学,理科,工业设计,369
湖南大学,理科,生物技术,369
湖南大学,理科,信息安全,369
湖南大学,理科,测控技术与仪器,368
湖南大学,理科,能源与动力工程,368
湖南大学,理科,材料成型及控制工程,368
湖南大学,理科,给排水科学与工程,368
湖南大学,理科,土木类,368
湖南大学,理科,机械类,368
湖南大学,理科,电子商务,367
湖南大学,理科,行政管理,367
湖南大学,理科,日语,367
湖南大学,理科,建筑环境与能源应用工程,367
湖南大学,理科,生物医学工程,367
湖南大学,理科,材料科学与工程,366
湖南大学,理科,化学工程与工艺,366
湖南大学,理科,环境科学与工程类,366
湖南大学,理科,电子科学与技术,365
湖南大学,文科,汉语言文学,376
湖南大学,文科,新闻传播学类,370
湖南大学,文科,历史学,369
湖南大学,文科,法学,368
湖南大学,文科,行政管理,368
湖南大学,文科,日语,367
中南大学,理科,临床医学（学制8年）,383
中南大学,理科,口腔医学,376
中南大学,理科,临床医学（学制5年）,376
中南大学,理科,麻醉学,375
中南大学,理科,数学与应用数学,374
中南大学,理科,自动化,373
中南大学,理科,智能科学与技术,373
中南大学,理科,生物科学,373
中南大学,理科,建筑学,372
中南大学,理科,金融学,372
中南大学,理科,材料科学与工程,371
中南大学,理科,车辆工程,371
中南大学,理科,电气工程及其自动化,371
中南大学,理科,数据科学与大数据技术,371
中南大学,理科,电子信息工程,371
中南大学,理科,电子信息科学与技术,371
中南大学,理科,计算机科学与技术,371
中南大学,理科,材料化学,370
中南大学,理科,城乡规划,370
中南大学,理科,新能源材料与器件,370
中南大学,理科,软件工程,370
中南大学,理科,信息与计算科学,370
中南大学,理科,统计学,370
中南大学,理科,机械设计制造及其自动化,370
中南大学,理科,交通运输,370
中南大学,理科,能源与动力工程,370
中南大学,理科,建筑环境与能源应用工程,370
中南大学,理科,通信工程,370
中南大学,理科,城市地下空间工程,370
中南大学,理科,财务管理,370
中南大学,理科,化学工程与工艺,370
中南大学,理科,新能源科学与工程,370
中南大学,理科,物联网工程,370
中南大学,理科,高分子材料与工程,370
中南大学,理科,预防医学,370
中南大学,理科,冶金工程,369
中南大学,理科,土木工程,369
中南大学,理科,工程管理,369
中南大学,理科,铁道工程,369
中南大学,理科,行政管理,369
中南大学,理科,应用化学,369
中南大学,理科,交通设备与控制工程,369
中南大学,理科,测控技术与仪器,369
中南大学,理科,粉体材料科学与工程,369
中南大学,理科,药学,369
中南大学,理科,光电信息科学与工程,369
中南大学,理科,信息安全,369
中南大学,文科,金融学,372
中南大学,文科,会计学,372
中南大学,文科,西班牙语,370
中南大学,文科,法语,370
中南大学,文科,市场营销,370
中南大学,文科,国际经济与贸易,370
中南大学,文科,法学,370
中南大学,文科,汉语言文学,370
中南大学,文科,数字出版,369
中南大学,文科,广播电视学,369
中南大学,文科,劳动与社会保障,369
湖南师范大学,理科,物理学（师范）,357
湖南师范大学,理科,临床医学,355
湖南师范大学,理科,经济学,353
湖南师范大学,理科,应用化学,353
湖南师范大学,理科,生物技术,352
湖南师范大学,理科,计算机科学与技术,352
湖南师范大学,理科,金融学,352
湖南师范大学,理科,机械设计制造及其自动化,351
湖南师范大学,理科,软件工程,351
湖南师范大学,理科,统计学,351
湖南师范大学,理科,信息与计算科学,351
湖南师范大学,理科,通信工程,351
湖南师范大学,理科,人力资源管理,351
湖南师范大学,理科,人文地理与城乡规划,351
湖南师范大学,理科,应用物理学,351
湖南师范大学,理科,物联网工程,351
湖南师范大学,理科,知识产权,351
湖南师范大学,文科,广告学,362
湖南师范大学,文科,法学,358
湖南师范大学,文科,汉语言文学（师范）,357
湖南师范大学,文科,编辑出版学,355
湖南师范大学,文科,历史学（师范）,355
湖南师范大学,文科,教育学（师范）,355
湖南师范大学,文科,汉语国际教育（师范）,355
湖南师范大学,文科,思想政治教育（师范）,355
湖南师范大学,文科,人文地理与城乡规划,354
湖南师范大学,文科,酒店管理,354
湖南师范大学,文科,朝鲜语,342
福建农林大学,理科,风景园林,335
福建农林大学,理科,园林,334
福建农林大学,理科,城乡规划,334
福建农林大学,理科,园艺,332
福建农林大学,理科,生物科学,332
福建农林大学,理科,工程管理,331
福建农林大学,理科,设施农业科学与工程,330
福建农林大学,理科,动物医学,329
福建农林大学,理科,动物科学,328
福建农林大学,理科,蜂学,328
福建农林大学,理科,农学,327
福建农林大学,理科,应用化学,326
华南理工大学,理科,光电信息科学与工程,354
华南理工大学,理科,自动化,354
华南理工大学,理科,经济学,354
华南理工大学,理科,材料类,354
华南理工大学,理科,建筑学,353
华南理工大学,理科,临床医学,352
华南理工大学,理科,电子信息类,352
华南理工大学,理科,计算机类,352
华南理工大学,理科,机械类,352
华南理工大学,理科,食品科学与工程类,352
华南理工大学,理科,信息与计算科学,351
华南理工大学,理科,信息管理与信息系统,351
华南理工大学,理科,电子商务,351
华南理工大学,理科,土木类,351
华南理工大学,理科,水产养殖学,350
华南理工大学,理科,管理科学,350
华南理工大学,理科,数学与应用数学,350
华南理工大学,理科,测控技术与仪器,350
华南理工大学,理科,生物科学类,350
华南理工大学,文科,新闻学,355
华南理工大学,文科,法学类,352
华南理工大学,文科,劳动与社会保障,351
华南理工大学,文科,中国语言文学类,351
华南理工大学,文科,工商管理类,351
华南理工大学,文科,历史学,350
华南理工大学,文科,英语,350
华南理工大学,文科,日语,350
上海师范大学,理科,数学与应用数学（师范）,367
上海师范大学,理科,生物科学（师范）,359
上海师范大学,理科,应用心理学,357
上海师范大学,理科,数学类,356
上海师范大学,理科,环境工程,355
上海师范大学,理科,化学类,355
上海师范大学,理科,金融学类,355
上海师范大学,理科,食品安全与检测,354
上海师范大学,理科,电子信息类,353
上海师范大学,理科,地理科学类,353
上海师范大学,理科,机械类（汽车服务工程）（中外合作办学）,352
上海师范大学,理科,机械类（机械设计制造及其自动化）（中外合作办学）,352
上海师范大学,理科,土木类（土木工程）（中外合作办学）,352
上海师范大学,理科,计算机类（计算机科学与技术）（中外合作办学）,352
上海师范大学,理科,电子信息类（电子信息工程）（中外合作办学）,340
上海师范大学,文科,法学,356
上海师范大学,文科,汉语言文学（基地班）,356
上海师范大学,文科,新闻传播学类,356
上海师范大学,文科,小学教育（师范）,356
上海师范大学,文科,汉语国际教育,355
上海师范大学,文科,汉语言文学,355
上海师范大学,文科,人力资源管理,354
上海师范大学,文科,哲学,354
上海师范大学,文科,公共管理类,354
上海师范大学,文科,工商管理类,353
上海师范大学,文科,学前教育（师范）,353
上海师范大学,文科,经济学类（经济学）（中外合作办学）,353
上海师范大学,文科,植物生产类（园艺）（中外合作办学）,353
广西大学,理科,电气工程及其自动化,351
广西大学,理科,自动化,350
广西大学,理科,电子科学与技术,349
广西大学,理科,计算机类,349
广西大学,理科,土木工程,348
广西大学,理科,环境工程,348
广西大学,理科,机械类,348
广西大学,理科,海洋科学,336
西南交通大学,理科,安全科学与工程类（安全工程）（中外合作办学）,367
西南交通大学,理科,轨道交通信号与控制,366
西南交通大学,理科,通信工程,364
西南交通大学,理科,交通运输类,364
西南交通大学,理科,政治学与行政学,363
西南交通大学,理科,车辆工程,363
西南交通大学,理科,自动化,363
西南交通大学,理科,电气工程及其自动化,363
西南交通大学,理科,数学与应用数学,362
西南交通大学,理科,建筑学,362
西南交通大学,理科,工程力学,362
西南交通大学,理科,生物医学工程,362
西南交通大学,理科,法学,361
西南交通大学,理科,电子信息科学与技术,361
西南交通大学,理科,制药工程,361
西南交通大学,理科,生物工程,361
西南交通大学,理科,电子信息工程,361
西南交通大学,理科,应用物理学,361
西南交通大学,理科,飞行器设计与工程,361
西南交通大学,理科,计算机类,361
西南交通大学,理科,机械类,361
西南交通大学,理科,统计学,361
西南交通大学,理科,铁道工程,361
西南交通大学,理科,地质工程,360
西南交通大学,理科,土木工程,360
西南交通大学,理科,公共事业管理,360
西南交通大学,理科,电气工程与智能控制,360
西南交通大学,理科,道路桥梁与渡河工程,360
西南交通大学,理科,交通设备与控制工程,360
西南交通大学,理科,材料类,360
西南交通大学,理科,经济与贸易类,360
西南交通大学,理科,环境科学与工程类,360
西南交通大学,理科,建筑类,360
西南交通大学,理科,测绘类,360
西南交通大学,理科,物流管理与工程类,360
西南交通大学,理科,工商管理类,360
西南交通大学,理科,城市地下空间工程,352
西南交通大学,文科,传播学,355
西南交通大学,文科,法学,354
西南交通大学,文科,汉语国际教育,354
西南交通大学,文科,广告学,353
西南交通大学,文科,政治学与行政学,352
西南交通大学,文科,公共事业管理,352
西南交通大学,文科,思想政治教育,352
西南交通大学,文科,外国语言文学类,352
西南交通大学,文科,汉语言文学,352
西南交通大学,文科,商务英语,352
西南财经大学,理科,金融学,380
西南财经大学,理科,会计学,379
西南财经大学,理科,审计学,379
西南财经大学,理科,金融工程,378
西南财经大学,理科,信用管理,377
西南财经大学,理科,统计学,377
西南财经大学,理科,市场营销,377
西南财经大学,理科,电子商务（支付结算）,377
西南财经大学,理科,国际经济与贸易（双语培养）,377
西南财经大学,理科,财务管理（双语培养）,377
西南财经大学,理科,税收学,375
西南财经大学,理科,金融数学,375
西南财经大学,理科,物流管理,375
西南财经大学,理科,经济统计学,375
西南财经大学,理科,数学与应用数学（双学位）,375
西南财经大学,理科,法学（双学位）,375
西南财经大学,理科,管理科学,374
西南财经大学,理科,人力资源管理,374
西南财经大学,理科,投资学,374
西南财经大学,理科,经济学（基地班）,374
西南财经大学,理科,国际商务（双语培养）,374
西南财经大学,理科,工商管理,373
西南财经大学,理科,计算机科学与技术（金融信息化）,373
西南财经大学,理科,信息管理与信息系统（商务智能）,373
西南财经大学,文科,金融学,377
西南财经大学,文科,会计学,375
西南财经大学,文科,法学,374
西南财经大学,文科,国际商务（双语培养）,374
西南财经大学,文科,财务管理（双语培养）,374
西南财经大学,文科,财政学,373
西南财经大学,文科,经济学（基地班）,373
西南财经大学,文科,信息管理与信息系统（商务智能）,373
西南财经大学,文科,英语,371
西南财经大学,文科,电子商务（支付结算）,371
西南财经大学,文科,保险学（双语培养）,371
西南财经大学,文科,信用管理,370
西南财经大学,文科,工商管理,370
西南财经大学,文科,市场营销,370
西南财经大学,文科,审计学,370
西南财经大学,文科,国际经济与贸易（双语培养）,370
西南财经大学,文科,税收学,369
西南财经大学,文科,人力资源管理,369
西南财经大学,文科,商务英语,369
西南财经大学,文科,行政管理,368
四川农业大学,理科,财务管理,347
四川农业大学,理科,药学,345
四川农业大学,理科,风景园林,344
四川农业大学,理科,农业机械化及其自动化,343
四川农业大学,理科,环境科学,343
四川农业大学,理科,生物工程,343
四川农业大学,理科,文化产业管理,342
四川农业大学,理科,食品科学与工程,342
四川农业大学,理科,药物制剂,342
四川农业大学,理科,土木工程,341
青岛大学,理科,临床医学,356
青岛大学,理科,机械类,352
青岛大学,理科,物理学类,346
青岛大学,理科,金融学类,345
青岛大学,理科,计算机类,345
青岛大学,理科,材料类,344
青岛大学,理科,工业设计,344
青岛大学,理科,旅游管理类,343
青岛大学,理科,化学类,343
青岛大学,文科,法学,346
青岛大学,文科,德语,344
青岛大学,文科,朝鲜语,341
西北大学,理科,软件工程,358
西北大学,理科,计算机科学与技术,357
西北大学,理科,信息管理与信息系统,356
西北大学,理科,金融工程,356
西北大学,理科,电子信息类,355
西北大学,理科,微电子科学与工程,354
西北大学,理科,数学类,354
西北大学,理科,生物科学（基地班）,353
西北大学,理科,地理信息科学,352
西北大学,理科,城乡规划,352
西北大学,理科,环境科学与工程类,352
西北大学,理科,化学类,352
西北大学,理科,勘查技术与工程,351
西北大学,理科,化学工程与工艺,351
西北大学,理科,能源化学工程,351
西北大学,理科,生物科学类,351
西北大学,文科,财政学,354
西北大学,文科,考古学,353
西北大学,文科,汉语国际教育,353
西北大学,文科,汉语言文学,353
西北大学,文科,法学,353
西北大学,文科,新闻传播学类,353
西北大学,文科,哲学,352
西北大学,文科,历史学类,352
武汉科技大学,理科,金属材料工程,346
武汉科技大学,理科,自动化,344
武汉科技大学,理科,计算机科学与技术,344
武汉科技大学,理科,软件工程,344
武汉科技大学,理科,车辆工程,343
武汉科技大学,理科,电子信息工程,343
武汉科技大学,理科,德语,343
武汉科技大学,理科,通信工程,343
武汉科技大学,理科,劳动与社会保障,342
武汉科技大学,理科,冶金工程,342
武汉科技大学,理科,无机非金属材料工程,342
武汉科技大学,理科,材料成型及控制工程,342
武汉科技大学,理科,材料化学,342
武汉科技大学,理科,英语,342
武汉科技大学,理科,翻译,342
武汉科技大学,理科,投资学,342
武汉科技大学,理科,能源与动力工程,342
武汉科技大学,理科,机械类,342
武汉科技大学,文科,英语,342
武汉科技大学,文科,德语,338
武汉科技大学,文科,法学,338
武汉科技大学,文科,翻译,338
杭州电子科技大学,理科,计算机类,352
杭州电子科技大学,理科,信息安全,351
杭州电子科技大学,理科,电子信息类,351
杭州电子科技大学,理科,通信工程,350
杭州电子科技大学,理科,网络工程,350
杭州电子科技大学,理科,新闻传播学类,350
长安大学,理科,交通工程,358
长安大学,理科,车辆工程,358
长安大学,理科,道路桥梁与渡河工程,358
长安大学,理科,交通运输类,356
长安大学,理科,电气工程及其自动化,355
长安大学,理科,能源与动力工程,355
长安大学,理科,计算机类,354
长安大学,理科,机械类,354
长安大学,理科,土木类,354
长安大学,理科,土地资源管理,353
长安大学,理科,建筑类,353
长安大学,理科,自动化,353
长安大学,理科,数学类,353
长安大学,理科,管理科学与工程类,353
长安大学,理科,水利类,353
长安大学,理科,工程力学,352
长安大学,理科,安全工程,352
长安大学,理科,土地整治工程,352
长安大学,理科,经济学类,352
长安大学,理科,材料类,352
长安大学,理科,工商管理类,352
长安大学,理科,测绘类,352
长安大学,理科,地质学类,352
长安大学,理科,环境科学与工程类,352
长安大学,文科,法学类,351
长安大学,文科,英语,350
长安大学,文科,新闻传播学类,350
长安大学,文科,公共管理类,349
华侨大学,理科,财务管理,346
华侨大学,理科,建筑学,346
华侨大学,理科,金融学,346
华侨大学,理科,机械工程,345
华侨大学,理科,会计学,345
华侨大学,理科,工商管理,344
华侨大学,理科,高分子材料与工程（拔尖人才试点班）,344
华侨大学,理科,经济学,344
华侨大学,理科,软件工程,343
华侨大学,理科,电子信息工程,342
华侨大学,理科,自动化,341
华侨大学,理科,车辆工程,341
华侨大学,理科,电气工程及其自动化,341
华侨大学,理科,通信工程,341
华侨大学,理科,国际经济与贸易,341
华侨大学,理科,土木工程,340
华侨大学,理科,集成电路设计与集成系统,340
华侨大学,理科,电子科学与技术,340
华侨大学,理科,市场营销,340
华侨大学,理科,城乡规划,340
华侨大学,理科,物流管理,340
华侨大学,理科,日语,340
华侨大学,文科,新闻学,347
华侨大学,文科,汉语国际教育,347
华侨大学,文科,会计学,346
华侨大学,文科,金融学,345
华侨大学,文科,广播电视学,345
华侨大学,文科,广告学,344
华侨大学,文科,法学,344
华侨大学,文科,英语,343
华侨大学,文科,国际经济与贸易,343
华侨大学,文科,经济学,343
华侨大学,文科,国际商务,342
华侨大学,文科,市场营销,342
华侨大学,文科,人力资源管理,342
华侨大学,文科,物流管理,342
华侨大学,文科,日语,342
西安电子科技大学,理科,通信工程,370
西安电子科技大学,理科,微电子科学与工程,368
西安电子科技大学,理科,电子信息工程,368
西安电子科技大学,理科,电气工程及其自动化,368
西安电子科技大学,理科,信息工程,368
西安电子科技大学,理科,信息安全,367
西安电子科技大学,理科,电子信息科学与技术,367
西安电子科技大学,理科,计算机科学与技术,367
西安电子科技大学,理科,智能科学与技术,367
西安电子科技大学,理科,软件工程,366
西安电子科技大学,理科,集成电路设计与集成系统,366
西安电子科技大学,理科,空间科学与技术,366
西安电子科技大学,理科,网络工程,366
西安电子科技大学,理科,光电信息科学与工程,366
西安电子科技大学,理科,电子科学与技术,366
西安电子科技大学,理科,自动化,366
西安电子科技大学,理科,机械设计制造及其自动化,366
西安电子科技大学,理科,电磁场与无线技术,366
西安电子科技大学,理科,空间信息与数字技术,366
西安电子科技大学,理科,信息对抗技术,366
西安电子科技大学,理科,生物技术,365
西安电子科技大学,理科,统计学,365
西安电子科技大学,理科,数学与应用数学,365
西安电子科技大学,理科,应用化学,365
西安电子科技大学,理科,遥感科学与技术,365
西安电子科技大学,理科,测控技术与仪器,365
西安电子科技大学,理科,电子封装技术,365
西安电子科技大学,理科,电波传播与天线,365
西安电子科技大学,理科,探测制导与控制技术,365
西安电子科技大学,理科,管理科学与工程类,365
兰州大学,理科,数学类（含基地班、数学与应用数学等3个专业）,364
兰州大学,理科,物理学类（含基地班、物理学等5个专业）,363
兰州大学,理科,电子信息类（含基地班、通信工程等3个专业）,363
兰州大学,理科,应用物理学（核科学与技术基地班（原子核物理））,362
兰州大学,理科,应用化学（核科学与技术基地班（放射化学））,362
兰州大学,理科,经济学类（含经济学、经济统计学等4个专业）,362
兰州大学,理科,计算机类（含基地班、计算机科学与技术等4个专业）,362
兰州大学,理科,核工程类（含核工程与核技术、辐射防护与核安全等3个专业）,361
兰州大学,理科,化学类（含基地班、化学工程与工艺等5个专业）,361
兰州大学,理科,临床医学,360
兰州大学,理科,草业科学（基地班）,360
兰州大学,理科,理论与应用力学（基地班）,360
兰州大学,理科,生物科学类（含基地班、生物科学等5个专业）,360
兰州大学,理科,工商管理类（含基地班、会计学等6个专业）,360
兰州大学,理科,口腔医学,359
兰州大学,理科,地质工程,359
兰州大学,理科,土木工程,359
兰州大学,理科,预防医学,359
兰州大学,理科,麻醉学,359
兰州大学,理科,农林经济管理,359
兰州大学,理科,药学,359
兰州大学,理科,环境科学与工程类（环境科学、环境工程）,359
兰州大学,理科,水利类（水文与水资源工程）,359
兰州大学,理科,大气科学类（含基地班、大气科学等3个专业）,359
兰州大学,理科,地理科学类（含基地班、自然地理与资源环境等4个专业）,359
兰州大学,理科,地质学类（含地质学、地球化学等3个专业）,359
兰州大学,理科,经济学（基地班）,359
兰州大学,理科,政治学类（含国际政治、政治学与行政学）,359
兰州大学,文科,新闻传播学类（含新闻学、广播电视学）,359
兰州大学,文科,工商管理类（含基地班、会计学等6个专业）,358
兰州大学,文科,历史学类（含基地班、历史学等4个专业）,358
兰州大学,文科,经济学类（含经济学、经济统计学等4个专业）,358
兰州大学,文科,汉语言文学,357
兰州大学,文科,思想政治教育,356
兰州大学,文科,知识产权,356
兰州大学,文科,英语,356
兰州大学,文科,俄语,356
兰州大学,文科,哲学,355
兰州大学,文科,社会学,355
兰州大学,文科,法语,355
兰州大学,文科,广告学,354
吉林大学,理科,车辆工程,372
吉林大学,理科,工科试验班（车辆工程）,372
吉林大学,理科,法学,371
吉林大学,理科,金融数学,369
吉林大学,理科,软件工程,368
吉林大学,理科,临床医学,368
吉林大学,理科,计算机科学与技术,368
吉林大学,理科,机械工程,368
吉林大学,理科,经济学（商学院）,368
吉林大学,理科,电气工程及其自动化,368
吉林大学,理科,电子科学与技术,368
吉林大学,理科,化学,368
吉林大学,理科,信息与计算科学,368
吉林大学,理科,工科试验班（测控技术与仪器）,368
吉林大学,理科,广告学,367
吉林大学,理科,行政管理,367
吉林大学,理科,通信工程,367
吉林大学,理科,自动化,367
吉林大学,理科,微电子科学与工程,367
吉林大学,理科,材料成型及控制工程,367
吉林大学,理科,土木工程,367
吉林大学,理科,物理学,367
吉林大学,理科,信息工程,367
吉林大学,理科,市场营销（管理学院）,367
吉林大学,理科,会计学（管理学院）,367
吉林大学,理科,物联网工程,367
吉林大学,理科,财政学,366
吉林大学,理科,信息管理与信息系统,366
吉林大学,理科,工业设计,366
吉林大学,理科,预防医学,366
吉林大学,理科,临床医学,366
吉林大学,理科,农业机械化及其自动化,366
吉林大学,理科,化学工程与工艺,366
吉林大学,理科,交通工程,366
吉林大学,理科,核物理,366
吉林大学,理科,工程管理,366
吉林大学,理科,人力资源管理（商学院）,366
吉林大学,理科,劳动与社会保障,365
吉林大学,理科,药学,365
吉林大学,理科,康复治疗学,365
吉林大学,理科,生物医学工程,365
吉林大学,理科,环境科学与工程类（环境科学、环境工程）,365
吉林大学,理科,食品质量与安全,365
吉林大学,理科,水利类（水文与水资源工程等2个专业）,365
吉林大学,理科,工商管理（管理学院）,365
吉林大学,理科,道路桥梁与渡河工程,365
吉林大学,理科,生物科学,365
吉林大学,理科,物流管理,365
吉林大学,理科,工业工程,365
吉林大学,理科,生物制药,365
吉林大学,理科,地质学,365
吉林大学,理科,无机非金属材料工程,365
吉林大学,理科,理科试验班（地球物理学）,365
吉林大学,文科,金融学,371
吉林大学,文科,国际经济与贸易,371
吉林大学,文科,法学,371
吉林大学,文科,外交学,369
吉林大学,文科,汉语言文学,368
吉林大学,文科,文物与博物馆学,367
吉林大学,文科,西班牙语,367
吉林大学,文科,英语,366
吉林大学,文科,哲学,366
南京农业大学,理科,金融学,363
南京农业大学,理科,会计学,361
南京农业大学,理科,统计学,360
南京农业大学,理科,人力资源管理,360
南京农业大学,理科,投资学,359
南京农业大学,理科,行政管理,359
南京农业大学,理科,土地资源管理,359
南京农业大学,理科,农林经济管理,359
南京农业大学,理科,风景园林,359
南京农业大学,理科,生物科学（生物学基地班）,358
南京农业大学,理科,英语,358
南京农业大学,理科,人文地理与城乡规划,358
南京农业大学,理科,信息管理与信息系统,358
南京农业大学,理科,种子科学与工程,358
南京农业大学,理科,园林,358
南京农业大学,理科,国际经济与贸易,358
南京农业大学,理科,工商管理类,358
南京农业大学,理科,计算机科学与技术,357
南京农业大学,理科,生物技术（生命科学与技术基地班）,356
南京农业大学,理科,自动化,356
南京农业大学,理科,动物医学,356
南京农业大学,理科,设施农业科学与工程,356
南京农业大学,理科,社会学类,356
南京农业大学,理科,劳动与社会保障,356
南京农业大学,理科,环境科学与工程类,356
南京农业大学,理科,生物科学,355
南京农业大学,理科,日语,355
南京农业大学,理科,信息与计算科学,355
南京农业大学,理科,应用化学,355
南京农业大学,理科,工业工程,355
南京农业大学,理科,电子信息科学与技术,355
南京农业大学,理科,网络工程,355
南京农业大学,理科,农学,355
南京农业大学,理科,园艺,355
南京农业大学,理科,植物保护,355
南京农业大学,理科,食品科学与工程类,355
南京农业大学,理科,生物技术,354
南京农业大学,理科,工程管理,354
南京农业大学,理科,物流工程,354
南京农业大学,理科,交通运输,354
南京农业大学,理科,农业电气化,354
南京农业大学,理科,动物药学,354
南京农业大学,理科,水产养殖学,354
南京农业大学,理科,动物科学,354
南京农业大学,理科,茶学,354
南京农业大学,理科,中药学,354
南京农业大学,理科,草业科学,354
南京农业大学,理科,机械类,354
南京农业大学,文科,人力资源管理,359
南京农业大学,文科,风景园林,359
南京农业大学,文科,金融学,358
南京农业大学,文科,会计学,358
南京农业大学,文科,投资学,358
南京农业大学,文科,人文地理与城乡规划,358
南京农业大学,文科,行政管理,358
南京农业大学,文科,农林经济管理,358
南京农业大学,文科,英语,357
南京农业大学,文科,日语,357
南京农业大学,文科,土地资源管理,357
南京农业大学,文科,国际经济与贸易,357
南京农业大学,文科,社会学类,357
南京农业大学,文科,工商管理类,357
南京农业大学,文科,劳动与社会保障,357
东南大学,理科,建筑学,399
东南大学,理科,城乡规划,389
东南大学,理科,风景园林,388
东南大学,理科,信息工程,388
东南大学,理科,电气工程及其自动化,388
东南大学,理科,计算机科学与技术,387
东南大学,理科,能源动力类,386
东南大学,理科,软件工程,386
东南大学,理科,工科试验班（吴健雄班）,386
东南大学,理科,电子科学与技术（类）,386
东南大学,理科,生物医学工程,386
东南大学,理科,自动化类（自动化、机器人工程）,385
东南大学,理科,计算机科学与技术（网络安全）,385
东南大学,理科,测控技术与仪器,384
东南大学,理科,机械工程,384
东南大学,理科,交通运输类,384
东南大学,理科,经济学类,384
东南大学,理科,土木类（土木工程、给排水科学与工程）,384
东南大学,理科,信息工程（第四年在无锡培养）,384
东南大学,理科,电子科学与技术（类）（第四年在无锡培养）,384
东南大学,理科,临床医学（“5+3”一体化）（含拔尖创新人才试点班）医学院,372
东南大学,理科,劳动与社会保障医学院,369
东南大学,理科,医学检验技术医学院,368
东南大学,理科,预防医学医学院,368
东南大学,理科,临床医学类医学院,368
东南大学,文科,文科试验班类（郭秉文班）,379
苏州大学,理科,经济学,370
苏州大学,理科,金融学,369
苏州大学,理科,会计学,367
苏州大学,理科,法学,367
苏州大学,理科,英语,367
苏州大学,理科,英语（师范）,367
苏州大学,理科,财政学,366
苏州大学,理科,国际经济与贸易,366
苏州大学,理科,财务管理,365
苏州大学,理科,工商管理,365
苏州大学,理科,翻译,365
苏州大学,理科,软件工程,365
苏州大学,理科,教育学（师范）,365
苏州大学,理科,社会工作,364
苏州大学,理科,人力资源管理,364
苏州大学,理科,金融数学,364
苏州大学,理科,食品质量与安全,364
苏州大学,理科,口腔医学,364
苏州大学,理科,法语,363
苏州大学,理科,西班牙语,363
苏州大学,理科,纳米材料与技术,363
苏州大学,理科,通信工程,363
苏州大学,理科,数学类,363
苏州大学,理科,电子商务,363
苏州大学,理科,临床医学（“5+3”一体化）,363
苏州大学,理科,旅游管理,362
苏州大学,理科,图书情报与档案管理类,362
苏州大学,理科,应用心理学,362
苏州大学,理科,知识产权,362
苏州大学,理科,德语,362
苏州大学,理科,建筑学,362
苏州大学,理科,电子信息科学与技术,362
苏州大学,理科,电气工程及其自动化,362
苏州大学,理科,医学影像学,362
苏州大学,理科,临床医学,362
苏州大学,理科,计算机类,362
苏州大学,理科,能源与动力工程,361
苏州大学,理科,药学,361
苏州大学,理科,医学检验技术,361
苏州大学,理科,城市管理,361
苏州大学,理科,管理科学,361
苏州大学,理科,日语,361
苏州大学,理科,俄语,361
苏州大学,理科,朝鲜语,361
苏州大学,理科,城乡规划,361
苏州大学,理科,风景园林,361
苏州大学,理科,历史建筑保护工程,361
苏州大学,理科,统计学,361
苏州大学,理科,光电信息科学与工程,361
苏州大学,理科,新能源材料与器件,361
苏州大学,理科,信息管理与信息系统,361
苏州大学,理科,信息工程,361
苏州大学,理科,电子信息工程,361
苏州大学,理科,工业工程,361
苏州大学,理科,轻化工程,361
苏州大学,理科,轨道交通信号与控制,361
苏州大学,理科,建筑环境与能源应用工程,361
苏州大学,理科,生物信息学,361
苏州大学,理科,物理学（师范）,361
苏州大学,理科,新闻传播学类,361
苏州大学,理科,劳动与社会保障,360
苏州大学,理科,生物制药,360
苏州大学,理科,护理学,360
苏州大学,理科,中药学,360
苏州大学,理科,法医学,360
苏州大学,理科,冶金工程,360
苏州大学,理科,金属材料工程,360
苏州大学,理科,社会学,360
苏州大学,理科,物流管理,360
苏州大学,理科,物理学,360
苏州大学,理科,测控技术与仪器,360
苏州大学,理科,化学工程与工艺,360
苏州大学,理科,微电子科学与工程,360
苏州大学,理科,集成电路设计与集成系统,360
苏州大学,理科,车辆工程,360
苏州大学,理科,交通运输,360
苏州大学,理科,电气工程与智能控制,360
苏州大学,理科,运动康复,360
苏州大学,理科,生物技术,360
苏州大学,理科,电子科学与技术,360
苏州大学,理科,临床医学（儿科医学）,360
苏州大学,理科,放射医学,360
苏州大学,理科,纺织类,360
苏州大学,理科,化学类,360
苏州大学,理科,机械类,360
苏州大学,理科,预防医学,360
苏州大学,理科,材料类,360
苏州大学,理科,金融学类（金融学）（中外合作办学）,357
苏州大学,理科,材料类（新能源材料与器件）（中外合作办学）,348
苏州大学,理科,纺织类（纺织工程）（中外合作办学）,347
苏州大学,理科,临床医学（为苏州市常熟市定向培养）（定向专业）,346
苏州大学,理科,临床医学（为苏州市高新区定向培养）（定向专业）,333
苏州大学,文科,金融学,366
苏州大学,文科,经济学,365
苏州大学,文科,会计学,364
苏州大学,文科,法学,364
苏州大学,文科,财政学,363
苏州大学,文科,国际经济与贸易,363
苏州大学,文科,知识产权,363
苏州大学,文科,英语,362
苏州大学,文科,财务管理,361
苏州大学,文科,工商管理,361
苏州大学,文科,德语,361
苏州大学,文科,西班牙语,361
苏州大学,文科,教育学（师范）,361
苏州大学,文科,图书情报与档案管理类,360
苏州大学,文科,人力资源管理,360
苏州大学,文科,翻译,360
苏州大学,文科,俄语,360
苏州大学,文科,法语,360
苏州大学,文科,英语（师范）,360
苏州大学,文科,思想政治教育（师范）,360
苏州大学,文科,旅游管理,359
苏州大学,文科,公共事业管理,359
苏州大学,文科,社会工作,359
苏州大学,文科,劳动与社会保障,359
苏州大学,文科,社会学,359
苏州大学,文科,城市管理,359
苏州大学,文科,行政管理,359
苏州大学,文科,管理科学,359
苏州大学,文科,物流管理,359
苏州大学,文科,哲学,359
苏州大学,文科,日语,359
苏州大学,文科,朝鲜语,359
苏州大学,文科,历史学（师范）,359
苏州大学,文科,新闻传播学类,359
苏州大学,文科,中国语言文学类,359
苏州大学,文科,金融学类（金融学）（中外合作办学）,348
苏州大学,文科,物流管理与工程类（物流管理）（中外合作办学）,339
汕头大学,理科,临床医学（“5+3”一体化）,356
汕头大学,理科,金融学,355
汕头大学,理科,临床医学,354
汕头大学,理科,口腔医学,353
汕头大学,理科,数学与应用数学,350
汕头大学,理科,机械设计制造及其自动化,349
汕头大学,理科,新闻传播学类,349
汕头大学,理科,工商管理类,348
汕头大学,理科,国际经济与贸易,347
汕头大学,理科,生物技术,347
汕头大学,理科,土木工程,347
汕头大学,文科,法学,350
汕头大学,文科,汉语言文学,348
汕头大学,文科,英语,347
汕头大学,文科,新闻传播学类,347
汕头大学,文科,工商管理类,347
汕头大学,文科,行政管理,346
东北林业大学,理科,风景园林,347
东北林业大学,理科,电子信息类（电子信息工程、通信工程）,347
东北林业大学,理科,高分子材料与工程,346
东北林业大学,理科,园林,346
东北林业大学,理科,电气类（电气工程及其自动化等2个专业）,346
东北林业大学,理科,计算机类（计算机科学与技术、软件工程等3个专业）,346
东北林业大学,理科,物流工程,345
东北林业大学,理科,土木工程,345
东北林业大学,理科,环境科学,345
东北林业大学,理科,木材科学与工程,345
东北林业大学,理科,化学类,345
东北林业大学,理科,机械类（机械设计制造及其自动化、机械电子工程）,345
东北林业大学,理科,工商管理类（工商管理、市场营销、会计学等6个专业）,345
东北林业大学,理科,经济学类（经济统计学等2个专业）,345
东北林业大学,文科,法学,348
东北林业大学,文科,广告学,345
东北林业大学,文科,社会工作,344
东北农业大学,理科,食品科学与工程类,344
东北农业大学,理科,计算机类,344
东北农业大学,理科,工程管理,343
东北农业大学,理科,土地资源管理,343
东北农业大学,理科,土木工程,343
东北农业大学,理科,园林,342
东北农业大学,理科,风景园林,342
东北农业大学,理科,化学生物学,342
东北农业大学,文科,行政管理,340
东北农业大学,文科,英语,339
南京理工大学,理科,工业设计,380
南京理工大学,理科,英语,379
南京理工大学,理科,应用物理学,377
南京理工大学,理科,电子信息类（优才计划班）,377
南京理工大学,理科,机械类（优才计划班）,376
南京理工大学,理科,电子信息工程（创新实践班）,375
南京理工大学,理科,光电信息科学与工程（理学学位）,375
南京理工大学,理科,数学与应用数学,374
南京理工大学,理科,能源与动力工程,374
南京理工大学,理科,计算机类,374
南京理工大学,理科,化工与制药类,374
南京理工大学,理科,经济学类,374
南京理工大学,理科,电子信息类,374
南京理工大学,理科,自动化类,374
南京理工大学,理科,兵器类,374
南京理工大学,理科,工商管理类,374
南京理工大学,理科,电气类,374
南京理工大学,理科,材料类,374
南京理工大学,理科,机械类,374
南京理工大学,理科,材料类（优才计划班）,374
南京理工大学,理科,机械类（机械工程）（中外合作办学）,349
南京理工大学,理科,材料类（材料科学与工程）（中外合作办学）,349
南京理工大学,理科,机械类（工业设计）（中外合作办学）,349
南京理工大学,文科,公共事业管理,365
南京理工大学,文科,法学,363
南京理工大学,文科,社会工作,362
南京理工大学,文科,英语,362
南京理工大学,文科,广播电视学,362
对外经贸大学,理科,金融学（国际金融与市场）,387
对外经贸大学,理科,金融工程,386
对外经贸大学,理科,经济统计学,384
对外经贸大学,理科,金融数学,384
对外经贸大学,理科,会计学,382
对外经贸大学,理科,数据科学与大数据技术,381
对外经贸大学,理科,财务管理,381
对外经贸大学,理科,公共事业管理,381
对外经贸大学,理科,金融学,380
对外经贸大学,理科,经济与金融,380
对外经贸大学,理科,投资学,380
对外经贸大学,理科,国际经济与贸易,379
对外经贸大学,理科,保险学,379
对外经贸大学,理科,法学,379
对外经贸大学,理科,电子商务,379
对外经贸大学,理科,海关管理,379
对外经贸大学,理科,精算学,379
对外经贸大学,文科,国际经济与贸易,379
对外经贸大学,文科,会计学,379
对外经贸大学,文科,金融学,378
对外经贸大学,文科,金融学（国际金融与市场）,377
对外经贸大学,文科,法学,377
对外经贸大学,文科,财务管理,377
对外经贸大学,文科,海关管理,377
对外经贸大学,文科,经济统计学,377
对外经贸大学,文科,物流管理,377
对外经贸大学,文科,电子商务,376
对外经贸大学,文科,商务英语,376
对外经贸大学,文科,国际政治,376
哈尔滨工业大学,理科,建筑学,384
哈尔滨工业大学,理科,工科试验班（工程力学、复合材料与工程）,382
哈尔滨工业大学,理科,电气工程及其自动化,381
哈尔滨工业大学,理科,飞行器设计与工程,381
哈尔滨工业大学,理科,计算机类（计算机科学与技术、信息安全、物联网工程等4个专业）,381
哈尔滨工业大学,理科,软件工程,380
哈尔滨工业大学,理科,自动化类（自动化等2个专业）,380
哈尔滨工业大学,理科,材料科学与工程,379
哈尔滨工业大学,理科,数学类（数学与应用数学、信息与计算科学等3个专业）,379
哈尔滨工业大学,理科,电子信息类（电子与信息工程学院）,379
哈尔滨工业大学,理科,光电信息科学与工程,378
哈尔滨工业大学,理科,电子信息类（航天学院）,378
哈尔滨工业大学,理科,机械类（机械设计制造及其自动化、机械电子工程、工业设计等5个专业）,378
哈尔滨工业大学,理科,城乡规划（城乡规划、风景园林、环境设计（四年））,378
哈尔滨工业大学,理科,焊接技术与工程,377
哈尔滨工业大学,理科,材料成型及控制工程,377
哈尔滨工业大学,理科,经济管理试验班,377
哈尔滨工业大学,理科,环境科学与工程类（环境工程、环境科学）,377
哈尔滨工业大学,理科,能源动力类（能源与动力工程等3个专业）,377
哈尔滨工业大学,理科,土木类（土木工程、城市地下空间工程等3个专业）,377
哈尔滨工业大学,理科,化学类（化学、应用化学等3个专业）,377
哈尔滨工业大学,理科,仪器类（测控技术与仪器等2个专业）,377
哈尔滨工业大学,理科,交通运输类（交通工程、交通设备与控制工程等3个专业）,377
哈尔滨工业大学,理科,能源化学工程,376
哈尔滨工业大学,文科,经济管理试验班,372
哈尔滨工业大学,文科,设计学类（数字媒体艺术）,368
哈尔滨工业大学,文科,法学,367
哈尔滨工业大学,文科,英语,367
哈尔滨工业大学,文科,社会学类（社会学）,367
山东大学,理科,管理科学与工程类,376
山东大学,理科,物理学类,376
山东大学,理科,计算机科学与技术,375
山东大学,理科,数学类,374
山东大学,理科,自动化类,373
山东大学,理科,临床医学,373
山东大学,理科,药学类,373
山东大学,理科,化学类,373
山东大学,理科,生物科学类,373
山东大学,理科,材料类,372
山东大学,理科,电子信息类,372
山东大学,理科,电气工程及其自动化,372
山东大学,理科,环境科学与工程类,372
山东大学,理科,软件工程,371
山东大学,理科,建筑学,371
山东大学,理科,微电子科学与工程,371
山东大学,理科,数字媒体技术,371
山东大学,理科,光电信息科学与工程,371
山东大学,理科,土木类,371
山东大学,理科,机械类,371
山东大学,理科,能源动力类,371
山东大学,理科,集成电路设计与集成系统,371
山东大学,理科,化学工程与工艺,371
山东大学,理科,工程力学,371
山东大学,理科,交通运输类,371
山东大学,理科,生物医学工程,371
山东大学,理科,水利类,371
山东大学,文科,经济学类,375
山东大学,文科,法学类,375
山东大学,文科,英语,374
山东大学,文科,汉语国际教育,374
山东大学,文科,新闻传播学类,374
山东大学,文科,工商管理类,373
山东大学,文科,公共管理类,373
山东大学,文科,政治学类,373
山东大学,文科,中国语言文学类,373
山东大学,文科,哲学类,373
山东大学,文科,历史学类,373
山东大学,文科,西班牙语,373
山东大学,文科,文化产业管理,372
山东大学,文科,旅游管理类,372
山东大学,文科,社会学类,372
山东大学,文科,日语,372
山东大学,文科,朝鲜语,371
西安交通大学,理科,工科试验班（钱学森班）,390
西安交通大学,理科,会计学（ACCA）,385
西安交通大学,理科,理科试验班（数学）,385
西安交通大学,理科,工科试验班（工科与管理贯通）,384
西安交通大学,理科,理科试验班（计算机）,384
西安交通大学,理科,软件工程,383
西安交通大学,理科,自动化类（自动化）,383
西安交通大学,理科,电气类,383
西安交通大学,理科,计算机类（计算机科学与技术、物联网工程）,383
西安交通大学,理科,经济学类,382
西安交通大学,理科,公共管理类,382
西安交通大学,理科,医学试验班（侯宗濂班）,382
西安交通大学,理科,数学类,382
西安交通大学,理科,理科试验班（物理）,382
西安交通大学,理科,电子信息类（电子科学与技术、微电子科学与工程、信息工程）,382
西安交通大学,理科,工科试验班（机类）,381
西安交通大学,理科,物理学类,381
西安交通大学,理科,生物医学工程类,381
西安交通大学,文科,文科试验班类,377
中国海洋大学,理科,海洋科学,369
中国海洋大学,理科,电子信息工程,368
中国海洋大学,理科,水产养殖学,367
中国海洋大学,理科,大气科学,367
中国海洋大学,理科,英语,367
中国海洋大学,理科,海洋资源与环境,367
中国海洋大学,理科,法学,367
中国海洋大学,理科,自动化,367
中国海洋大学,理科,船舶与海洋工程,367
中国海洋大学,理科,工程管理,367
中国海洋大学,理科,金融学,367
中国海洋大学,理科,港口航道与海岸工程,367
中国海洋大学,理科,法语,366
中国海洋大学,理科,通信工程,366
中国海洋大学,理科,计算机科学与技术,366
中国海洋大学,理科,药学,366
中国海洋大学,理科,地球信息科学与技术,366
中国海洋大学,理科,海洋技术,366
中国海洋大学,理科,电子信息科学与技术,366
中国海洋大学,理科,勘查技术与工程,366
中国海洋大学,理科,高分子材料与工程,366
中国海洋大学,理科,生物科学,366
中国海洋大学,理科,生物技术,366
中国海洋大学,理科,国际经济与贸易,366
中国海洋大学,理科,数学类,366
中国海洋大学,理科,经济学,366
中国海洋大学,理科,轮机工程,366
中国海洋大学,理科,化学工程与工艺,365
中国海洋大学,理科,地质学,365
中国海洋大学,理科,物理学,365
中国海洋大学,理科,海洋渔业科学与技术,365
中国海洋大学,理科,光电信息科学与工程,365
中国海洋大学,理科,财务管理,365
中国海洋大学,理科,化学,365
中国海洋大学,理科,食品科学与工程类,365
中国海洋大学,文科,文化产业管理,367
中国海洋大学,文科,工商管理,367
中国海洋大学,文科,法语,365
中国海洋大学,文科,法学,365
中国海洋大学,文科,政治学与行政学,365
中国海洋大学,文科,日语,364
中国海洋大学,文科,新闻传播学类,364
中国药科大学,理科,药学（基础药学理科基地）,369
中国药科大学,理科,药学（国家生命科学与技术人才培养基地）,365
中国药科大学,理科,临床药学,359
中国药科大学,理科,药学类（生物技术、海洋药学）,357
中国药科大学,理科,英语（医药）,356
中国药科大学,理科,药学类（药物制剂、药物分析、药物化学、药学）,356
中国药科大学,理科,生物制药,355
中国药科大学,理科,化工与制药类,354
中国药科大学,理科,经济管理试验班（国际经济与贸易、工商管理、市场营销、经济学、药事管理、信息管理与信息系统）（医药）,354
中国药科大学,理科,中药学类（中药学、中药制药、中药资源与开发）,354
中国药科大学,理科,药学类（中外合作办学）,348
中国药科大学,文科,经济管理试验班（国际经济与贸易、工商管理、市场营销、经济学、药事管理、信息管理与信息系统）（医药）,355
中国药科大学,文科,英语（医药）,354
北京体育大学,理科,新闻学,349
北京体育大学,理科,英语,348
北京体育大学,理科,汉语国际教育,348
北京体育大学,理科,运动康复,347
北京体育大学,理科,体育经济与管理,347
北京体育大学,理科,广告学,345
北京体育大学,理科,运动人体科学,344
北京体育大学,理科,应用心理学,343
北京体育大学,理科,公共事业管理,343
北京体育大学,文科,新闻学,351
北京体育大学,文科,广告学,350
北京体育大学,文科,体育经济与管理,348
北京体育大学,文科,英语,347
北京体育大学,文科,汉语国际教育,347
北京体育大学,文科,公共事业管理,346
暨南大学,理科,金融学,371
暨南大学,理科,财务管理,367
暨南大学,理科,广告学,365
暨南大学,理科,英语,364
暨南大学,理科,信息与计算科学,364
暨南大学,理科,国际商务,364
暨南大学,理科,电子信息工程,362
暨南大学,理科,生物医学工程,362
暨南大学,理科,电子商务,362
暨南大学,理科,信息安全,361
暨南大学,理科,建筑学,361
暨南大学,理科,电子信息科学与技术,360
暨南大学,理科,旅游管理,360
暨南大学,理科,日语,360
暨南大学,文科,新闻学,369
暨南大学,文科,广播电视学,368
暨南大学,文科,会计学,368
暨南大学,文科,法学,367
暨南大学,文科,汉语国际教育,365
暨南大学,文科,翻译,362
暨南大学,文科,酒店管理,361
暨南大学,文科,市场营销,361
复旦大学,理科,经济学类,411
复旦大学,理科,数学类,409
复旦大学,理科,经济管理试验班,408
复旦大学,文科,经济管理试验班,400
复旦大学,文科,中国语言文学类,399
复旦大学,文科,法学,398
复旦大学,文科,经济学类,398
复旦大学,文科,新闻传播学类,397
复旦大学,文科,英语,397
复旦大学医学部,理科,临床医学（学制8年）,396
复旦大学医学部,理科,临床医学（学制5年）,394
复旦大学医学部,理科,临床医学（儿科）,394
北京航空航天大学,理科,工科试验班类（信息类）,385
北京航空航天大学,理科,理科试验班类（高等理工学院）,385
北京航空航天大学,理科,工科试验班类（国际通用工程学院）,383
北京航空航天大学,理科,理科试验班类（中法工程师学院）,382
北京航空航天大学,理科,社会科学试验班,381
北京航空航天大学,理科,理科试验班类,381
北京航空航天大学,理科,工科试验班类（医工交叉试验班）,381
北京航空航天大学,理科,工科试验班类（航空航天类）,381
北京航空航天大学,文科,社会科学试验班,374
新疆大学,理科,高分子材料与工程,335
新疆大学,理科,地理科学,332
新疆大学,理科,软件工程,332
新疆大学,理科,国际经济与贸易,331
南通大学,理科,口腔医学,347
南通大学,理科,预防医学（为盐城市盐都区定向培养）（定向专业）,345
南通大学,理科,临床医学,343
南通大学,理科,医学影像学,341
南通大学,理科,会计学,339
南通大学,理科,预防医学（为苏州市吴江区定向培养）（定向专业）,339
南通大学,理科,英语（师范）,338
南通大学,理科,信息与计算科学,338
南通大学,理科,英语,337
南通大学,理科,生物科学（师范）,337
南通大学,理科,计算机科学与技术,336
南通大学,理科,预防医学,336
南通大学,理科,软件工程,336
南通大学,理科,电子信息工程,336
南通大学,理科,人力资源管理,336
南通大学,理科,应用心理学,336
南通大学,理科,医学检验技术,336
南通大学,理科,工商管理,336
南通大学,理科,商务英语,336
南通大学,理科,物理学（师范）,336
南通大学,理科,临床医学（为南通市启东市定向培养）（定向专业）,336
南通大学,理科,临床医学（为盐城市盐都区定向培养）（定向专业）,336
南通大学,理科,通信工程,335
南通大学,理科,国际经济与贸易,335
南通大学,理科,电气工程及其自动化,335
南通大学,理科,应用统计学,335
南通大学,理科,自动化,335
南通大学,理科,公共事业管理,335
南通大学,理科,地理科学（师范）,335
南通大学,理科,预防医学（为南通市通州区定向培养）（定向专业）,335
南通大学,理科,应用物理学,335
南通大学,理科,市场营销,335
南通大学,理科,电子商务,334
南通大学,理科,光电信息科学与工程,334
南通大学,理科,日语,334
南通大学,理科,翻译,334
南通大学,理科,生物技术,334
南通大学,理科,物联网工程,334
南通大学,理科,康复治疗学,334
南通大学,理科,机械电子工程,334
南通大学,理科,化学（师范）,334
南通大学,理科,教育技术学（师范）,334
南通大学,理科,预防医学（为盐城市射阳县定向培养）（定向专业）,334
南通大学,理科,生物医学工程,334
南通大学,理科,建筑学,333
南通大学,理科,高分子材料与工程,333
南通大学,理科,物流管理,333
南通大学,理科,信息管理与信息系统,333
南通大学,理科,土木工程,333
南通大学,理科,机械设计制造及其自动化,333
南通大学,理科,海洋技术,333
南通大学,理科,会计学（单列专业）,333
南通大学,理科,药学,333
南通大学,理科,环境科学,333
南通大学,理科,软件工程（嵌入式培养）,333
南通大学,理科,临床医学（为南通市海门市定向培养）（定向专业）,333
南通大学,理科,计算机科学与技术（与NIIT合作嵌入式培养）,333
南通大学,理科,工程管理,332
南通大学,理科,工业设计,332
南通大学,理科,化学工程与工艺,332
南通大学,理科,生物信息学,332
南通大学,理科,服装设计与工程,332
南通大学,理科,测控技术与仪器,332
南通大学,理科,纺织工程,332
南通大学,理科,护理学,332
南通大学,理科,轻化工程,332
南通大学,理科,非织造材料与工程,332
南通大学,理科,环境工程,332
南通大学,理科,建筑电气与智能化,332
南通大学,理科,药物制剂,332
南通大学,理科,交通设备与控制工程,332
南通大学,理科,交通运输,332
南通大学,理科,交通工程,332
南通大学,理科,地理信息科学,332
南通大学,理科,应用化学,332
南通大学,理科,旅游管理,332
南通大学,理科,自然地理与资源环境,332
南通大学,理科,网络工程,332
南通大学,理科,生物工程,332
南通大学,理科,电子信息类（电子科学与技术、集成电路设计与集成系统）,332
南通大学,理科,临床医学（为南通市通州区定向培养）（定向专业）,331
南通大学,理科,预防医学（为常州市溧阳市定向培养）（定向专业）,331
南通大学,理科,预防医学（为南通市如东县定向培养）（定向专业）,331
南通大学,理科,预防医学（为南通市海门市定向培养）（定向专业）,331
南通大学,理科,预防医学（为盐城市大丰区定向培养）（定向专业）,331
南通大学,理科,临床医学（为南通市如东县定向培养）（定向专业）,331
南通大学,理科,预防医学（为盐城市东台市定向培养）（定向专业）,331
南通大学,理科,临床医学（为盐城市大丰区定向培养）（定向专业）,331
南通大学,理科,临床医学（为盐城市建湖县定向培养）（定向专业）,331
南通大学,文科,英语,338
南通大学,文科,汉语言文学,338
南通大学,文科,会计学,338
南通大学,文科,汉语言文学（师范）,338
南通大学,文科,英语（师范）,338
南通大学,文科,应用心理学,337
南通大学,文科,国际经济与贸易,337
南通大学,文科,商务英语,337
南通大学,文科,历史学（师范）,337
南通大学,文科,思想政治教育（师范）,337
南通大学,文科,翻译,336
南通大学,文科,人力资源管理,336
南通大学,文科,汉语国际教育,336
南通大学,文科,工商管理,336
南通大学,文科,新闻学,335
南通大学,文科,服装设计与工程,335
南通大学,文科,社会工作,335
南通大学,文科,日语,335
南通大学,文科,行政管理,335
南通大学,文科,护理学,335
南通大学,文科,秘书学,335
南通大学,文科,公共事业管理,335
南通大学,文科,市场营销,335
南通大学,文科,旅游管理,335
南通大学,文科,会计学（单列专业）,333
上海大学,理科,工商管理（按经济管理类培养，一学年后专业分流）,373
上海大学,理科,工商管理类（工商管理）（中外合作办学）,370
上海大学,理科,理科试验班（含数学与应用数学等5个专业，一学年后专业分流）,370
上海大学,理科,金融学类（金融学）（中外合作办学）,369
上海大学,理科,电子信息类（信息工程）（中外合作办学）,369
上海大学,理科,电子科学与技术（按理学工学类培养，一学年后专业分流）,369
上海大学,文科,日语,370
上海大学,文科,经济与贸易类（国际经济与贸易）（中外合作办学）,370
上海大学,文科,金融学类（金融学）（中外合作办学）,369
上海大学,文科,汉语言文学（按人文社科类培养，一学年后专业分流）,368
内蒙古大学,理科,会计学,359
内蒙古大学,理科,金融工程,357
内蒙古大学,理科,经济学,356
内蒙古大学,理科,自动化,356
内蒙古大学,理科,电子商务,356
内蒙古大学,理科,电子信息科学与技术,352
内蒙古大学,理科,计算机科学与技术,351
内蒙古大学,理科,应用化学,350
内蒙古大学,理科,生物科学,350
内蒙古大学,理科,材料化学,349
广州大学,理科,统计学,352
广州大学,理科,数学与应用数学,349
广州大学,理科,土木工程,348
河海大学,理科,水利类（大禹强化班）,372
河海大学,理科,环境科学,370
河海大学,理科,水利水电工程,370
河海大学,理科,应用物理学,370
河海大学,理科,环境生态工程,369
河海大学,理科,水文与水资源工程,369
河海大学,理科,人力资源管理,369
河海大学,理科,水务工程,369
河海大学,理科,会计学,369
河海大学,理科,财务管理,369
河海大学,理科,海洋科学,369
河海大学,理科,工程力学,369
河海大学,理科,交通工程,369
河海大学,理科,能源与动力工程,369
河海大学,理科,新能源科学与工程,369
河海大学,理科,计算机科学与技术,369
河海大学,理科,环境工程,369
河海大学,理科,给排水科学与工程,369
河海大学,理科,电气工程及其自动化,369
河海大学,理科,港口航道与海岸工程,369
河海大学,理科,农业水利工程,369
河海大学,理科,工程管理,369
河海大学,理科,信息管理与信息系统,369
河海大学,理科,土木工程,368
河海大学,理科,通信工程,368
河海大学,理科,电子信息工程,368
河海大学,理科,自动化,368
河海大学,理科,工程力学（大禹徐芝纶班）,368
河海大学,理科,数学类（数学与应用数学、信息与计算科学）,368
河海大学,理科,国际经济与贸易（常州校区）,354
河海大学,理科,工商管理（常州校区）,354
河海大学,理科,会计学（常州校区）,353
河海大学,理科,通信工程（常州校区）,352
河海大学,理科,能源与动力工程（常州校区）,352
河海大学,理科,计算机科学与技术（常州校区）,352
河海大学,理科,物联网工程（常州校区）,352
河海大学,理科,工业设计（常州校区）,352
河海大学,理科,自动化（常州校区）,351
河海大学,理科,信息管理与信息系统（常州校区）,351
河海大学,理科,电子科学与技术（常州校区）,351
河海大学,理科,机械工程（常州校区）,351
河海大学,理科,金属材料工程（常州校区）,351
河海大学,理科,环境科学与工程类（环境科学）（中外合作办学）,347
河海大学,文科,会计学,363
河海大学,文科,土地资源管理,361
河海大学,文科,国际经济与贸易,361
河海大学,文科,人力资源管理,360
河海大学,文科,财务管理,360
河海大学,文科,法学,359
河海大学,文科,英语,359
河海大学,文科,思想政治教育,359
河海大学,文科,法语,359
河海大学,文科,广播电视学,359
河海大学,文科,劳动与社会保障,359
河海大学,文科,市场营销,359
河海大学,文科,会计学（常州校区）,351
河海大学,文科,国际经济与贸易（常州校区）,349
河海大学,文科,工商管理（常州校区）,349
华中师范大学,理科,物理学（基地班）,363
华中师范大学,理科,英语,361
华中师范大学,理科,数学与应用数学,361
华中师范大学,理科,数字媒体技术,360
华中师范大学,理科,翻译,360
华中师范大学,理科,心理学类,360
华中师范大学,理科,信息管理与信息系统,359
华中师范大学,理科,电子商务,359
华中师范大学,理科,社会学类,359
华中师范大学,理科,地理科学类,359
华中师范大学,理科,信息资源管理,359
华中师范大学,理科,电子信息类,359
华中师范大学,理科,化学类,359
华中师范大学,理科,生物科学类,359
华中师范大学,理科,金融工程,359
华中师范大学,文科,中国语言文学类,362
华中师范大学,文科,法语,361
华中师范大学,文科,历史学类,361
华中师范大学,文科,教育学类,361
华中师范大学,文科,法学,360
华中师范大学,文科,国际政治,360
华中师范大学,文科,旅游管理,359
华中师范大学,文科,日语,359
华中师范大学,文科,房地产开发与管理,359
华中师范大学,文科,公共管理类,359
华中师范大学,文科,思想政治教育,359
华中师范大学,文科,朝鲜语,359
四川大学,理科,临床医学（八年制）,385
四川大学,理科,口腔医学,382
四川大学,理科,临床医学,380
四川大学,理科,法学,376
四川大学,理科,数学与应用数学（基地班）,376
四川大学,理科,基础医学（基地班）,376
四川大学,理科,中国语言文学类,376
四川大学,理科,化学类（含基地班）,376
四川大学,理科,生物科学类（含基地班）,376
四川大学,理科,高分子材料与工程,375
四川大学,理科,过程装备与控制工程,375
四川大学,理科,经济学类,375
四川大学,理科,数学类,375
四川大学,理科,计算机类,375
四川大学,理科,化工与制药类,375
四川大学,理科,数学与应用数学（数学经济创新班）,375
四川大学,理科,口腔医学技术,375
四川大学,理科,金融学类,374
四川大学,理科,能源与动力工程,374
四川大学,理科,核工程与核技术,374
四川大学,理科,轻化工程,374
四川大学,理科,食品科学与工程,374
四川大学,理科,纺织工程,374
四川大学,理科,预防医学,374
四川大学,理科,法医学,374
四川大学,理科,新闻传播学类,374
四川大学,理科,工商管理类,374
四川大学,理科,网络空间安全,374
四川大学,理科,公共管理类,374
四川大学,理科,物理学类（含基地班）,374
四川大学,理科,微电子科学与工程,373
四川大学,理科,无机非金属材料工程,373
四川大学,理科,机械设计制造及其自动化,373
四川大学,理科,材料成型及控制工程,373
四川大学,理科,通信工程,373
四川大学,理科,自动化,373
四川大学,理科,软件工程,373
四川大学,理科,安全工程,373
四川大学,理科,工程力学,373
四川大学,理科,药学,373
四川大学,理科,电气工程及其自动化,373
四川大学,理科,电子信息类,373
四川大学,理科,土木类,373
四川大学,理科,环境科学与工程类,373
四川大学,理科,建筑类,373
四川大学,理科,水利类,373
四川大学,理科,航空航天类,373
四川大学,理科,医学技术类,373
四川大学,理科,食品卫生与营养学,373
四川大学,理科,新能源材料与器件,373
四川大学,文科,经济学类,376
四川大学,文科,中国语言文学类,376
四川大学,文科,西班牙语,375
四川大学,文科,法学,374
四川大学,文科,日语,374
四川大学,文科,俄语,374
四川大学,文科,历史学类,374
四川大学,文科,图书情报与档案管理类,374
四川大学,文科,旅游管理类,374
四川大学,文科,国际政治,374
贵州大学,理科,计算机类,346
贵州大学,理科,机械类,346
贵州大学,理科,土木类,345
贵州大学,文科,中国语言文学类,347
贵州大学,文科,财政学类,344
贵州大学,文科,工商管理类,343
浙江大学,理科,科技与创意设计试验班,400
浙江大学,理科,工科试验班（竺可桢学院交叉创新平台）,400
浙江大学,理科,医学试验班,398
浙江大学,理科,理科试验班类（生命、环境、化学与地学）,398
浙江大学,理科,工科试验班（机械与能源）,397
浙江大学,理科,社会科学试验班,396
浙江大学,理科,理科试验班类,396
浙江大学,理科,工科试验班（信息）,396
浙江大学,理科,工科试验班（电气与自动化）,396
浙江大学,文科,社会科学试验班,385
浙江大学,文科,人文科学试验班（外国语言文学）,383
浙江大学,文科,人文科学试验班,383
浙江大学,文科,人文科学试验班（传媒）,383
东北师范大学,理科,化学（师范）,358
东北师范大学,理科,物流管理与工程类（物流管理）（中外合作办学）,332
东北师范大学,文科,图书情报与档案管理类（图书馆学、信息资源管理）,352
东北师范大学,文科,公共管理类（公共事业管理）（中外合作办学）,344
东北师范大学,文科,物流管理与工程类（物流管理）（中外合作办学）,335
武汉大学,理科,金融学类（数理经济与数理金融试验班）,390
武汉大学,理科,经济学类,388
武汉大学,理科,工商管理类,386
武汉大学,理科,理科试验班,386
武汉大学,理科,图书情报与档案管理类,386
武汉大学,理科,电气工程及其自动化,385
武汉大学,理科,数学类,385
武汉大学,理科,管理科学与工程类（经济与管理学院）,385
武汉大学,理科,计算机科学与技术,384
武汉大学,理科,生物科学类,384
武汉大学,理科,计算机类,384
武汉大学,理科,建筑类（建筑学）（中外合作办学）,384
武汉大学,理科,软件工程,383
武汉大学,理科,遥感科学与技术,383
武汉大学,理科,管理科学与工程类（信息管理学院）,383
武汉大学,理科,临床医学（学制5年）,383
武汉大学,理科,自动化,382
武汉大学,理科,工程力学,382
武汉大学,理科,地球物理学,382
武汉大学,理科,电子信息类,382
武汉大学,理科,化学类,382
武汉大学,理科,水利类,382
武汉大学,理科,测绘类,382
武汉大学,理科,建筑类,382
武汉大学,理科,临床医学（学制8年）,382
武汉大学,理科,基础医学,382
武汉大学,理科,地理科学类,382
武汉大学,理科,环境科学与工程类,382
武汉大学,理科,能源动力类,381
武汉大学,理科,土地资源管理,381
武汉大学,理科,机械类,381
武汉大学,理科,物理学类,381
武汉大学,理科,土木类,381
武汉大学,理科,轻工类,381
武汉大学,理科,药学类,381
武汉大学,理科,临床医学（“5+3”一体化）,381
武汉大学,文科,法学,385
武汉大学,文科,经济学类,385
武汉大学,文科,新闻传播学类,383
武汉大学,文科,人文科学试验班,383
武汉大学,文科,英语,382
武汉大学,文科,心理学,382
武汉大学,文科,中国语言文学类,382
武汉大学,文科,工商管理类,382
武汉大学,文科,哲学类,382
武汉大学,文科,历史学类,381
武汉大学,文科,政治学类,381
武汉大学,文科,公共管理类,381
武汉大学,文科,公共卫生与预防医学类,381
武汉大学,文科,图书情报与档案管理类,381
武汉大学,文科,社会学类,380
